﻿<?xml version="1.0" encoding="utf-8"?>
<bnd4>
  <filename>m13_00_00_00.luabnd.dcx</filename>
  <compression>SekiroKRAK</compression>
  <timestamp>07D7R6</timestamp>
  <format>0x74</format>
  <bigendian>False</bigendian>
  <flag1>False</flag1>
  <flag2>False</flag2>
  <unicode>True</unicode>
  <extended>0x04</extended>
  <files>
    <file>
      <flags>0x40</flags>
      <id>2000</id>
      <root>N:\NTC\data\Target\INTERROOT_win64\</root>
      <path>script\ai\out\bin\502000_battle.lua</path>
    </file>
    <file>
      <flags>0x40</flags>
      <id>2001</id>
      <root>N:\NTC\data\Target\INTERROOT_win64\</root>
      <path>script\ai\out\bin\502000_logic.lua</path>
    </file>
    <file>
      <flags>0x40</flags>
      <id>2002</id>
      <root>N:\NTC\data\Target\INTERROOT_win64\</root>
      <path>script\ai\out\bin\150000_logic.lua</path>
    </file>
    <file>
      <flags>0x40</flags>
      <id>2003</id>
      <root>N:\NTC\data\Target\INTERROOT_win64\</root>
      <path>script\ai\out\bin\150000_battle.lua</path>
    </file>
    <file>
      <flags>0x40</flags>
      <id>2004</id>
      <root>N:\NTC\data\Target\INTERROOT_win64\</root>
      <path>script\ai\out\bin\150060_battle.lua</path>
    </file>
    <file>
      <flags>0x40</flags>
      <id>2005</id>
      <root>N:\NTC\data\Target\INTERROOT_win64\</root>
      <path>script\ai\out\bin\110000_logic.lua</path>
    </file>
    <file>
      <flags>0x40</flags>
      <id>2006</id>
      <root>N:\NTC\data\Target\INTERROOT_win64\</root>
      <path>script\ai\out\bin\110000_battle.lua</path>
    </file>
    <file>
      <flags>0x40</flags>
      <id>2007</id>
      <root>N:\NTC\data\Target\INTERROOT_win64\</root>
      <path>script\ai\out\bin\108000_logic.lua</path>
    </file>
    <file>
      <flags>0x40</flags>
      <id>2008</id>
      <root>N:\NTC\data\Target\INTERROOT_win64\</root>
      <path>script\ai\out\bin\108000_battle.lua</path>
    </file>
    <file>
      <flags>0x40</flags>
      <id>2009</id>
      <root>N:\NTC\data\Target\INTERROOT_win64\</root>
      <path>script\ai\out\bin\121100_logic.lua</path>
    </file>
    <file>
      <flags>0x40</flags>
      <id>2010</id>
      <root>N:\NTC\data\Target\INTERROOT_win64\</root>
      <path>script\ai\out\bin\121100_battle.lua</path>
    </file>
    <file>
      <flags>0x40</flags>
      <id>2011</id>
      <root>N:\NTC\data\Target\INTERROOT_win64\</root>
      <path>script\ai\out\bin\101000_logic.lua</path>
    </file>
    <file>
      <flags>0x40</flags>
      <id>2012</id>
      <root>N:\NTC\data\Target\INTERROOT_win64\</root>
      <path>script\ai\out\bin\101000_battle.lua</path>
    </file>
    <file>
      <flags>0x40</flags>
      <id>2013</id>
      <root>N:\NTC\data\Target\INTERROOT_win64\</root>
      <path>script\ai\out\bin\101010_battle.lua</path>
    </file>
    <file>
      <flags>0x40</flags>
      <id>2014</id>
      <root>N:\NTC\data\Target\INTERROOT_win64\</root>
      <path>script\ai\out\bin\101020_battle.lua</path>
    </file>
    <file>
      <flags>0x40</flags>
      <id>2015</id>
      <root>N:\NTC\data\Target\INTERROOT_win64\</root>
      <path>script\ai\out\bin\101030_battle.lua</path>
    </file>
    <file>
      <flags>0x40</flags>
      <id>2016</id>
      <root>N:\NTC\data\Target\INTERROOT_win64\</root>
      <path>script\ai\out\bin\020000_logic.lua</path>
    </file>
    <file>
      <flags>0x40</flags>
      <id>2017</id>
      <root>N:\NTC\data\Target\INTERROOT_win64\</root>
      <path>script\ai\out\bin\011000_battle.lua</path>
    </file>
    <file>
      <flags>0x40</flags>
      <id>2018</id>
      <root>N:\NTC\data\Target\INTERROOT_win64\</root>
      <path>script\ai\out\bin\102000_battle.lua</path>
    </file>
    <file>
      <flags>0x40</flags>
      <id>2019</id>
      <root>N:\NTC\data\Target\INTERROOT_win64\</root>
      <path>script\ai\out\bin\102000_logic.lua</path>
    </file>
    <file>
      <flags>0x40</flags>
      <id>2020</id>
      <root>N:\NTC\data\Target\INTERROOT_win64\</root>
      <path>script\ai\out\bin\136000_logic.lua</path>
    </file>
    <file>
      <flags>0x40</flags>
      <id>2021</id>
      <root>N:\NTC\data\Target\INTERROOT_win64\</root>
      <path>script\ai\out\bin\136000_battle.lua</path>
    </file>
    <file>
      <flags>0x40</flags>
      <id>2022</id>
      <root>N:\NTC\data\Target\INTERROOT_win64\</root>
      <path>script\ai\out\bin\132000_logic.lua</path>
    </file>
    <file>
      <flags>0x40</flags>
      <id>2023</id>
      <root>N:\NTC\data\Target\INTERROOT_win64\</root>
      <path>script\ai\out\bin\132000_battle.lua</path>
    </file>
    <file>
      <flags>0x40</flags>
      <id>2024</id>
      <root>N:\NTC\data\Target\INTERROOT_win64\</root>
      <path>script\ai\out\bin\132010_battle.lua</path>
    </file>
    <file>
      <flags>0x40</flags>
      <id>2025</id>
      <root>N:\NTC\data\Target\INTERROOT_win64\</root>
      <path>script\ai\out\bin\122000_logic.lua</path>
    </file>
    <file>
      <flags>0x40</flags>
      <id>2026</id>
      <root>N:\NTC\data\Target\INTERROOT_win64\</root>
      <path>script\ai\out\bin\122010_battle.lua</path>
    </file>
    <file>
      <flags>0x40</flags>
      <id>2027</id>
      <root>N:\NTC\data\Target\INTERROOT_win64\</root>
      <path>script\ai\out\bin\122000_battle.lua</path>
    </file>
    <file>
      <flags>0x40</flags>
      <id>1000000</id>
      <root>N:\NTC\data\Target\INTERROOT_win64\</root>
      <path>script\ai\m13_00_00_00.luagnl</path>
    </file>
  </files>
</bnd4>