﻿<?xml version="1.0" encoding="utf-8"?>
<bnd4>
  <filename>m12_00_00_00.luabnd.dcx</filename>
  <compression>SekiroKRAK</compression>
  <timestamp>07D7R6</timestamp>
  <format>0x74</format>
  <bigendian>False</bigendian>
  <flag1>False</flag1>
  <flag2>False</flag2>
  <unicode>True</unicode>
  <extended>0x04</extended>
  <files>
    <file>
      <flags>0x40</flags>
      <id>2000</id>
      <root>N:\NTC\data\Target\INTERROOT_win64\</root>
      <path>script\ai\out\bin\103000_logic.lua</path>
    </file>
    <file>
      <flags>0x40</flags>
      <id>2001</id>
      <root>N:\NTC\data\Target\INTERROOT_win64\</root>
      <path>script\ai\out\bin\103000_battle.lua</path>
    </file>
    <file>
      <flags>0x40</flags>
      <id>2002</id>
      <root>N:\NTC\data\Target\INTERROOT_win64\</root>
      <path>script\ai\out\bin\104000_logic.lua</path>
    </file>
    <file>
      <flags>0x40</flags>
      <id>2003</id>
      <root>N:\NTC\data\Target\INTERROOT_win64\</root>
      <path>script\ai\out\bin\104000_battle.lua</path>
    </file>
    <file>
      <flags>0x40</flags>
      <id>2004</id>
      <root>N:\NTC\data\Target\INTERROOT_win64\</root>
      <path>script\ai\out\bin\111000_logic.lua</path>
    </file>
    <file>
      <flags>0x40</flags>
      <id>2005</id>
      <root>N:\NTC\data\Target\INTERROOT_win64\</root>
      <path>script\ai\out\bin\111000_battle.lua</path>
    </file>
    <file>
      <flags>0x40</flags>
      <id>2006</id>
      <root>N:\NTC\data\Target\INTERROOT_win64\</root>
      <path>script\ai\out\bin\114000_logic.lua</path>
    </file>
    <file>
      <flags>0x40</flags>
      <id>2007</id>
      <root>N:\NTC\data\Target\INTERROOT_win64\</root>
      <path>script\ai\out\bin\114000_battle.lua</path>
    </file>
    <file>
      <flags>0x40</flags>
      <id>2008</id>
      <root>N:\NTC\data\Target\INTERROOT_win64\</root>
      <path>script\ai\out\bin\118000_logic.lua</path>
    </file>
    <file>
      <flags>0x40</flags>
      <id>2009</id>
      <root>N:\NTC\data\Target\INTERROOT_win64\</root>
      <path>script\ai\out\bin\118000_battle.lua</path>
    </file>
    <file>
      <flags>0x40</flags>
      <id>2010</id>
      <root>N:\NTC\data\Target\INTERROOT_win64\</root>
      <path>script\ai\out\bin\118020_battle.lua</path>
    </file>
    <file>
      <flags>0x40</flags>
      <id>2011</id>
      <root>N:\NTC\data\Target\INTERROOT_win64\</root>
      <path>script\ai\out\bin\506000_logic.lua</path>
    </file>
    <file>
      <flags>0x40</flags>
      <id>2012</id>
      <root>N:\NTC\data\Target\INTERROOT_win64\</root>
      <path>script\ai\out\bin\506000_battle.lua</path>
    </file>
    <file>
      <flags>0x40</flags>
      <id>2020</id>
      <root>N:\NTC\data\Target\INTERROOT_win64\</root>
      <path>script\ai\out\bin\145000_battle.lua</path>
    </file>
    <file>
      <flags>0x40</flags>
      <id>2021</id>
      <root>N:\NTC\data\Target\INTERROOT_win64\</root>
      <path>script\ai\out\bin\145000_logic.lua</path>
    </file>
    <file>
      <flags>0x40</flags>
      <id>2022</id>
      <root>N:\NTC\data\Target\INTERROOT_win64\</root>
      <path>script\ai\out\bin\145010_battle.lua</path>
    </file>
    <file>
      <flags>0x40</flags>
      <id>2023</id>
      <root>N:\NTC\data\Target\INTERROOT_win64\</root>
      <path>script\ai\out\bin\020000_logic.lua</path>
    </file>
    <file>
      <flags>0x40</flags>
      <id>2024</id>
      <root>N:\NTC\data\Target\INTERROOT_win64\</root>
      <path>script\ai\out\bin\011000_battle.lua</path>
    </file>
    <file>
      <flags>0x40</flags>
      <id>1000000</id>
      <root>N:\NTC\data\Target\INTERROOT_win64\</root>
      <path>script\ai\m12_00_00_00.luagnl</path>
    </file>
  </files>
</bnd4>