﻿<?xml version="1.0" encoding="utf-8"?>
<bnd4>
  <filename>m11_01_00_00.luabnd.dcx</filename>
  <compression>SekiroKRAK</compression>
  <timestamp>07D7R6</timestamp>
  <format>0x74</format>
  <bigendian>False</bigendian>
  <flag1>False</flag1>
  <flag2>False</flag2>
  <unicode>True</unicode>
  <extended>0x04</extended>
  <files>
    <file>
      <flags>0x40</flags>
      <id>2000</id>
      <root>N:\NTC\data\Target\INTERROOT_win64\</root>
      <path>script\ai\out\bin\101000_logic.lua</path>
    </file>
    <file>
      <flags>0x40</flags>
      <id>2001</id>
      <root>N:\NTC\data\Target\INTERROOT_win64\</root>
      <path>script\ai\out\bin\101000_battle.lua</path>
    </file>
    <file>
      <flags>0x40</flags>
      <id>2002</id>
      <root>N:\NTC\data\Target\INTERROOT_win64\</root>
      <path>script\ai\out\bin\101010_battle.lua</path>
    </file>
    <file>
      <flags>0x40</flags>
      <id>2003</id>
      <root>N:\NTC\data\Target\INTERROOT_win64\</root>
      <path>script\ai\out\bin\101020_battle.lua</path>
    </file>
    <file>
      <flags>0x40</flags>
      <id>2004</id>
      <root>N:\NTC\data\Target\INTERROOT_win64\</root>
      <path>script\ai\out\bin\101030_battle.lua</path>
    </file>
    <file>
      <flags>0x40</flags>
      <id>2005</id>
      <root>N:\NTC\data\Target\INTERROOT_win64\</root>
      <path>script\ai\out\bin\102000_logic.lua</path>
    </file>
    <file>
      <flags>0x40</flags>
      <id>2006</id>
      <root>N:\NTC\data\Target\INTERROOT_win64\</root>
      <path>script\ai\out\bin\102000_battle.lua</path>
    </file>
    <file>
      <flags>0x40</flags>
      <id>2007</id>
      <root>N:\NTC\data\Target\INTERROOT_win64\</root>
      <path>script\ai\out\bin\112000_logic.lua</path>
    </file>
    <file>
      <flags>0x40</flags>
      <id>2008</id>
      <root>N:\NTC\data\Target\INTERROOT_win64\</root>
      <path>script\ai\out\bin\112000_battle.lua</path>
    </file>
    <file>
      <flags>0x40</flags>
      <id>2009</id>
      <root>N:\NTC\data\Target\INTERROOT_win64\</root>
      <path>script\ai\out\bin\508000_logic.lua</path>
    </file>
    <file>
      <flags>0x40</flags>
      <id>2010</id>
      <root>N:\NTC\data\Target\INTERROOT_win64\</root>
      <path>script\ai\out\bin\508000_battle.lua</path>
    </file>
    <file>
      <flags>0x40</flags>
      <id>2011</id>
      <root>N:\NTC\data\Target\INTERROOT_win64\</root>
      <path>script\ai\out\bin\701000_logic.lua</path>
    </file>
    <file>
      <flags>0x40</flags>
      <id>2012</id>
      <root>N:\NTC\data\Target\INTERROOT_win64\</root>
      <path>script\ai\out\bin\701000_battle.lua</path>
    </file>
    <file>
      <flags>0x40</flags>
      <id>2013</id>
      <root>N:\NTC\data\Target\INTERROOT_win64\</root>
      <path>script\ai\out\bin\710300_logic.lua</path>
    </file>
    <file>
      <flags>0x40</flags>
      <id>2014</id>
      <root>N:\NTC\data\Target\INTERROOT_win64\</root>
      <path>script\ai\out\bin\710300_battle.lua</path>
    </file>
    <file>
      <flags>0x40</flags>
      <id>2015</id>
      <root>N:\NTC\data\Target\INTERROOT_win64\</root>
      <path>script\ai\out\bin\115000_logic.lua</path>
    </file>
    <file>
      <flags>0x40</flags>
      <id>2016</id>
      <root>N:\NTC\data\Target\INTERROOT_win64\</root>
      <path>script\ai\out\bin\115000_battle.lua</path>
    </file>
    <file>
      <flags>0x40</flags>
      <id>2017</id>
      <root>N:\NTC\data\Target\INTERROOT_win64\</root>
      <path>script\ai\out\bin\501000_logic.lua</path>
    </file>
    <file>
      <flags>0x40</flags>
      <id>2018</id>
      <root>N:\NTC\data\Target\INTERROOT_win64\</root>
      <path>script\ai\out\bin\501000_battle.lua</path>
    </file>
    <file>
      <flags>0x40</flags>
      <id>2019</id>
      <root>N:\NTC\data\Target\INTERROOT_win64\</root>
      <path>script\ai\out\bin\118000_battle.lua</path>
    </file>
    <file>
      <flags>0x40</flags>
      <id>2020</id>
      <root>N:\NTC\data\Target\INTERROOT_win64\</root>
      <path>script\ai\out\bin\118020_battle.lua</path>
    </file>
    <file>
      <flags>0x40</flags>
      <id>2021</id>
      <root>N:\NTC\data\Target\INTERROOT_win64\</root>
      <path>script\ai\out\bin\118000_logic.lua</path>
    </file>
    <file>
      <flags>0x40</flags>
      <id>2022</id>
      <root>N:\NTC\data\Target\INTERROOT_win64\</root>
      <path>script\ai\out\bin\124000_battle.lua</path>
    </file>
    <file>
      <flags>0x40</flags>
      <id>2023</id>
      <root>N:\NTC\data\Target\INTERROOT_win64\</root>
      <path>script\ai\out\bin\124000_logic.lua</path>
    </file>
    <file>
      <flags>0x40</flags>
      <id>2024</id>
      <root>N:\NTC\data\Target\INTERROOT_win64\</root>
      <path>script\ai\out\bin\020000_logic.lua</path>
    </file>
    <file>
      <flags>0x40</flags>
      <id>2025</id>
      <root>N:\NTC\data\Target\INTERROOT_win64\</root>
      <path>script\ai\out\bin\011000_battle.lua</path>
    </file>
    <file>
      <flags>0x40</flags>
      <id>2026</id>
      <root>N:\NTC\data\Target\INTERROOT_win64\</root>
      <path>script\ai\out\bin\110000_logic.lua</path>
    </file>
    <file>
      <flags>0x40</flags>
      <id>2027</id>
      <root>N:\NTC\data\Target\INTERROOT_win64\</root>
      <path>script\ai\out\bin\110000_battle.lua</path>
    </file>
    <file>
      <flags>0x40</flags>
      <id>2028</id>
      <root>N:\NTC\data\Target\INTERROOT_win64\</root>
      <path>script\ai\out\bin\106000_logic.lua</path>
    </file>
    <file>
      <flags>0x40</flags>
      <id>2029</id>
      <root>N:\NTC\data\Target\INTERROOT_win64\</root>
      <path>script\ai\out\bin\106000_battle.lua</path>
    </file>
    <file>
      <flags>0x40</flags>
      <id>2030</id>
      <root>N:\NTC\data\Target\INTERROOT_win64\</root>
      <path>script\ai\out\bin\119000_logic.lua</path>
    </file>
    <file>
      <flags>0x40</flags>
      <id>2031</id>
      <root>N:\NTC\data\Target\INTERROOT_win64\</root>
      <path>script\ai\out\bin\119000_battle.lua</path>
    </file>
    <file>
      <flags>0x40</flags>
      <id>2032</id>
      <root>N:\NTC\data\Target\INTERROOT_win64\</root>
      <path>script\ai\out\bin\119010_battle.lua</path>
    </file>
    <file>
      <flags>0x40</flags>
      <id>2033</id>
      <root>N:\NTC\data\Target\INTERROOT_win64\</root>
      <path>script\ai\out\bin\119020_battle.lua</path>
    </file>
    <file>
      <flags>0x40</flags>
      <id>2034</id>
      <root>N:\NTC\data\Target\INTERROOT_win64\</root>
      <path>script\ai\out\bin\119030_battle.lua</path>
    </file>
    <file>
      <flags>0x40</flags>
      <id>2035</id>
      <root>N:\NTC\data\Target\INTERROOT_win64\</root>
      <path>script\ai\out\bin\011000_logic.lua</path>
    </file>
    <file>
      <flags>0x40</flags>
      <id>2036</id>
      <root>N:\NTC\data\Target\INTERROOT_win64\</root>
      <path>script\ai\out\bin\111000_logic.lua</path>
    </file>
    <file>
      <flags>0x40</flags>
      <id>2037</id>
      <root>N:\NTC\data\Target\INTERROOT_win64\</root>
      <path>script\ai\out\bin\111001_logic.lua</path>
    </file>
    <file>
      <flags>0x40</flags>
      <id>2038</id>
      <root>N:\NTC\data\Target\INTERROOT_win64\</root>
      <path>script\ai\out\bin\111000_battle.lua</path>
    </file>
    <file>
      <flags>0x40</flags>
      <id>2041</id>
      <root>N:\NTC\data\Target\INTERROOT_win64\</root>
      <path>script\ai\out\bin\506000_logic.lua</path>
    </file>
    <file>
      <flags>0x40</flags>
      <id>2042</id>
      <root>N:\NTC\data\Target\INTERROOT_win64\</root>
      <path>script\ai\out\bin\506000_battle.lua</path>
    </file>
    <file>
      <flags>0x40</flags>
      <id>2043</id>
      <root>N:\NTC\data\Target\INTERROOT_win64\</root>
      <path>script\ai\out\bin\507000_logic.lua</path>
    </file>
    <file>
      <flags>0x40</flags>
      <id>2044</id>
      <root>N:\NTC\data\Target\INTERROOT_win64\</root>
      <path>script\ai\out\bin\507000_battle.lua</path>
    </file>
    <file>
      <flags>0x40</flags>
      <id>2045</id>
      <root>N:\NTC\data\Target\INTERROOT_win64\</root>
      <path>script\ai\out\bin\710000_logic.lua</path>
    </file>
    <file>
      <flags>0x40</flags>
      <id>2046</id>
      <root>N:\NTC\data\Target\INTERROOT_win64\</root>
      <path>script\ai\out\bin\710000_battle.lua</path>
    </file>
    <file>
      <flags>0x40</flags>
      <id>2047</id>
      <root>N:\NTC\data\Target\INTERROOT_win64\</root>
      <path>script\ai\out\bin\140000_logic.lua</path>
    </file>
    <file>
      <flags>0x40</flags>
      <id>2048</id>
      <root>N:\NTC\data\Target\INTERROOT_win64\</root>
      <path>script\ai\out\bin\140000_battle.lua</path>
    </file>
    <file>
      <flags>0x40</flags>
      <id>2049</id>
      <root>N:\NTC\data\Target\INTERROOT_win64\</root>
      <path>script\ai\out\bin\140010_battle.lua</path>
    </file>
    <file>
      <flags>0x40</flags>
      <id>2050</id>
      <root>N:\NTC\data\Target\INTERROOT_win64\</root>
      <path>script\ai\out\bin\140020_battle.lua</path>
    </file>
    <file>
      <flags>0x40</flags>
      <id>2051</id>
      <root>N:\NTC\data\Target\INTERROOT_win64\</root>
      <path>script\ai\out\bin\137000_logic.lua</path>
    </file>
    <file>
      <flags>0x40</flags>
      <id>2052</id>
      <root>N:\NTC\data\Target\INTERROOT_win64\</root>
      <path>script\ai\out\bin\137000_battle.lua</path>
    </file>
    <file>
      <flags>0x40</flags>
      <id>2053</id>
      <root>N:\NTC\data\Target\INTERROOT_win64\</root>
      <path>script\ai\out\bin\145000_logic.lua</path>
    </file>
    <file>
      <flags>0x40</flags>
      <id>2054</id>
      <root>N:\NTC\data\Target\INTERROOT_win64\</root>
      <path>script\ai\out\bin\145000_battle.lua</path>
    </file>
    <file>
      <flags>0x40</flags>
      <id>2055</id>
      <root>N:\NTC\data\Target\INTERROOT_win64\</root>
      <path>script\ai\out\bin\145010_battle.lua</path>
    </file>
    <file>
      <flags>0x40</flags>
      <id>2056</id>
      <root>N:\NTC\data\Target\INTERROOT_win64\</root>
      <path>script\ai\out\bin\502000_logic.lua</path>
    </file>
    <file>
      <flags>0x40</flags>
      <id>2057</id>
      <root>N:\NTC\data\Target\INTERROOT_win64\</root>
      <path>script\ai\out\bin\502000_battle.lua</path>
    </file>
    <file>
      <flags>0x40</flags>
      <id>2058</id>
      <root>N:\NTC\data\Target\INTERROOT_win64\</root>
      <path>script\ai\out\bin\720000_battle.lua</path>
    </file>
    <file>
      <flags>0x40</flags>
      <id>2059</id>
      <root>N:\NTC\data\Target\INTERROOT_win64\</root>
      <path>script\ai\out\bin\720000_logic.lua</path>
    </file>
    <file>
      <flags>0x40</flags>
      <id>2060</id>
      <root>N:\NTC\data\Target\INTERROOT_win64\</root>
      <path>script\ai\out\bin\740000_battle.lua</path>
    </file>
    <file>
      <flags>0x40</flags>
      <id>2061</id>
      <root>N:\NTC\data\Target\INTERROOT_win64\</root>
      <path>script\ai\out\bin\740000_logic.lua</path>
    </file>
    <file>
      <flags>0x40</flags>
      <id>2062</id>
      <root>N:\NTC\data\Target\INTERROOT_win64\</root>
      <path>script\ai\out\bin\147000_logic.lua</path>
    </file>
    <file>
      <flags>0x40</flags>
      <id>2063</id>
      <root>N:\NTC\data\Target\INTERROOT_win64\</root>
      <path>script\ai\out\bin\147000_battle.lua</path>
    </file>
    <file>
      <flags>0x40</flags>
      <id>2066</id>
      <root>N:\NTC\data\Target\INTERROOT_win64\</root>
      <path>script\ai\out\bin\105000_battle.lua</path>
    </file>
    <file>
      <flags>0x40</flags>
      <id>2067</id>
      <root>N:\NTC\data\Target\INTERROOT_win64\</root>
      <path>script\ai\out\bin\105000_logic.lua</path>
    </file>
    <file>
      <flags>0x40</flags>
      <id>2068</id>
      <root>N:\NTC\data\Target\INTERROOT_win64\</root>
      <path>script\ai\out\bin\125000_battle.lua</path>
    </file>
    <file>
      <flags>0x40</flags>
      <id>2069</id>
      <root>N:\NTC\data\Target\INTERROOT_win64\</root>
      <path>script\ai\out\bin\125000_logic.lua</path>
    </file>
    <file>
      <flags>0x40</flags>
      <id>2070</id>
      <root>N:\NTC\data\Target\INTERROOT_win64\</root>
      <path>script\ai\out\bin\711000_battle.lua</path>
    </file>
    <file>
      <flags>0x40</flags>
      <id>2071</id>
      <root>N:\NTC\data\Target\INTERROOT_win64\</root>
      <path>script\ai\out\bin\711000_logic.lua</path>
    </file>
    <file>
      <flags>0x40</flags>
      <id>2072</id>
      <root>N:\NTC\data\Target\INTERROOT_win64\</root>
      <path>script\ai\out\bin\711300_logic.lua</path>
    </file>
    <file>
      <flags>0x40</flags>
      <id>2073</id>
      <root>N:\NTC\data\Target\INTERROOT_win64\</root>
      <path>script\ai\out\bin\711300_battle.lua</path>
    </file>
    <file>
      <flags>0x40</flags>
      <id>2074</id>
      <root>N:\NTC\data\Target\INTERROOT_win64\</root>
      <path>script\ai\out\bin\170000_logic.lua</path>
    </file>
    <file>
      <flags>0x40</flags>
      <id>2075</id>
      <root>N:\NTC\data\Target\INTERROOT_win64\</root>
      <path>script\ai\out\bin\170000_battle.lua</path>
    </file>
    <file>
      <flags>0x40</flags>
      <id>2076</id>
      <root>N:\NTC\data\Target\INTERROOT_win64\</root>
      <path>script\ai\out\bin\170010_battle.lua</path>
    </file>
    <file>
      <flags>0x40</flags>
      <id>2077</id>
      <root>N:\NTC\data\Target\INTERROOT_win64\</root>
      <path>script\ai\out\bin\170020_battle.lua</path>
    </file>
    <file>
      <flags>0x40</flags>
      <id>2078</id>
      <root>N:\NTC\data\Target\INTERROOT_win64\</root>
      <path>script\ai\out\bin\170030_battle.lua</path>
    </file>
    <file>
      <flags>0x40</flags>
      <id>2079</id>
      <root>N:\NTC\data\Target\INTERROOT_win64\</root>
      <path>script\ai\out\bin\132000_battle.lua</path>
    </file>
    <file>
      <flags>0x40</flags>
      <id>2080</id>
      <root>N:\NTC\data\Target\INTERROOT_win64\</root>
      <path>script\ai\out\bin\132000_logic.lua</path>
    </file>
    <file>
      <flags>0x40</flags>
      <id>2081</id>
      <root>N:\NTC\data\Target\INTERROOT_win64\</root>
      <path>script\ai\out\bin\102020_battle.lua</path>
    </file>
    <file>
      <flags>0x40</flags>
      <id>2082</id>
      <root>N:\NTC\data\Target\INTERROOT_win64\</root>
      <path>script\ai\out\bin\506001_battle.lua</path>
    </file>
    <file>
      <flags>0x40</flags>
      <id>2083</id>
      <root>N:\NTC\data\Target\INTERROOT_win64\</root>
      <path>script\ai\out\bin\540000_battle.lua</path>
    </file>
    <file>
      <flags>0x40</flags>
      <id>2084</id>
      <root>N:\NTC\data\Target\INTERROOT_win64\</root>
      <path>script\ai\out\bin\540000_logic.lua</path>
    </file>
    <file>
      <flags>0x40</flags>
      <id>2092</id>
      <root>N:\NTC\data\Target\INTERROOT_win64\</root>
      <path>script\ai\out\bin\543000_battle.lua</path>
    </file>
    <file>
      <flags>0x40</flags>
      <id>2093</id>
      <root>N:\NTC\data\Target\INTERROOT_win64\</root>
      <path>script\ai\out\bin\132010_battle.lua</path>
    </file>
    <file>
      <flags>0x40</flags>
      <id>2094</id>
      <root>N:\NTC\data\Target\INTERROOT_win64\</root>
      <path>script\ai\out\bin\134000_battle.lua</path>
    </file>
    <file>
      <flags>0x40</flags>
      <id>2095</id>
      <root>N:\NTC\data\Target\INTERROOT_win64\</root>
      <path>script\ai\out\bin\134000_logic.lua</path>
    </file>
    <file>
      <flags>0x40</flags>
      <id>2096</id>
      <root>N:\NTC\data\Target\INTERROOT_win64\</root>
      <path>script\ai\out\bin\720001_logic.lua</path>
    </file>
    <file>
      <flags>0x40</flags>
      <id>2097</id>
      <root>N:\NTC\data\Target\INTERROOT_win64\</root>
      <path>script\ai\out\bin\125020_battle.lua</path>
    </file>
    <file>
      <flags>0x40</flags>
      <id>2098</id>
      <root>N:\NTC\data\Target\INTERROOT_win64\</root>
      <path>script\ai\out\bin\125030_battle.lua</path>
    </file>
    <file>
      <flags>0x40</flags>
      <id>2100</id>
      <root>N:\NTC\data\Target\INTERROOT_win64\</root>
      <path>script\ai\out\bin\125010_battle.lua</path>
    </file>
    <file>
      <flags>0x40</flags>
      <id>1000000</id>
      <root>N:\NTC\data\Target\INTERROOT_win64\</root>
      <path>script\ai\m11_01_00_00.luagnl</path>
    </file>
    <file>
      <flags>0x40</flags>
      <id>1000001</id>
      <root>N:\NTC\data\Target\INTERROOT_win64\</root>
      <path>script\ai\m11_01_00_00.luainfo</path>
    </file>
  </files>
</bnd4>