﻿<?xml version="1.0" encoding="utf-8"?>
<bnd4>
  <filename>aicommon.luabnd.dcx</filename>
  <compression>SekiroKRAK</compression>
  <timestamp>07D7R6</timestamp>
  <format>0x74</format>
  <bigendian>False</bigendian>
  <flag1>False</flag1>
  <flag2>False</flag2>
  <unicode>True</unicode>
  <extended>0x04</extended>
  <files>
    <file>
      <flags>0x40</flags>
      <id>1000</id>
      <root>N:\</root>
      <path>GR\data\INTERROOT_win64\script\ai\out\bin\goal_list.lua</path>
    </file>
    <file>
      <flags>0x40</flags>
      <id>1001</id>
      <root>N:\</root>
      <path>GR\data\INTERROOT_win64\script\ai\out\bin\logic_list.lua</path>
    </file>
    <file>
      <flags>0x40</flags>
      <id>1002</id>
      <root>N:\</root>
      <path>GR\data\INTERROOT_win64\script\ai\out\bin\ai_define.lua</path>
    </file>
    <file>
      <flags>0x40</flags>
      <id>1003</id>
      <root>N:\</root>
      <path>GR\data\INTERROOT_win64\script\ai\out\bin\event_list.lua</path>
    </file>
    <file>
      <flags>0x40</flags>
      <id>1004</id>
      <root>N:\</root>
      <path>GR\data\INTERROOT_win64\script\ai\out\bin\common_battle_func.lua</path>
    </file>
    <file>
      <flags>0x40</flags>
      <id>1005</id>
      <root>N:\</root>
      <path>GR\data\INTERROOT_win64\script\ai\out\bin\table_ai_common.lua</path>
    </file>
    <file>
      <flags>0x40</flags>
      <id>1006</id>
      <root>N:\</root>
      <path>GR\data\INTERROOT_win64\script\ai\out\bin\common_func_pg.lua</path>
    </file>
    <file>
      <flags>0x40</flags>
      <id>1007</id>
      <root>N:\</root>
      <path>GR\data\INTERROOT_win64\script\ai\out\bin\common_func_plan.lua</path>
    </file>
    <file>
      <flags>0x40</flags>
      <id>1008</id>
      <root>N:\</root>
      <path>GR\data\INTERROOT_win64\script\ai\out\bin\common_patrol_behavior.lua</path>
    </file>
    <file>
      <flags>0x40</flags>
      <id>1009</id>
      <root>N:\</root>
      <path>GR\data\INTERROOT_win64\script\ai\out\bin\common_logic_func.lua</path>
    </file>
    <file>
      <flags>0x40</flags>
      <id>1010</id>
      <root>N:\</root>
      <path>GR\data\INTERROOT_win64\script\ai\out\bin\non_battle_act.lua</path>
    </file>
    <file>
      <flags>0x40</flags>
      <id>1011</id>
      <root>N:\</root>
      <path>GR\data\INTERROOT_win64\script\ai\out\bin\after_attack_act.lua</path>
    </file>
    <file>
      <flags>0x40</flags>
      <id>1012</id>
      <root>N:\</root>
      <path>GR\data\INTERROOT_win64\script\ai\out\bin\approach_lifeSuccess.lua</path>
    </file>
    <file>
      <flags>0x40</flags>
      <id>1013</id>
      <root>N:\</root>
      <path>GR\data\INTERROOT_win64\script\ai\out\bin\approach_on_failed_path.lua</path>
    </file>
    <file>
      <flags>0x40</flags>
      <id>1014</id>
      <root>N:\</root>
      <path>GR\data\INTERROOT_win64\script\ai\out\bin\approach_setting_direction.lua</path>
    </file>
    <file>
      <flags>0x40</flags>
      <id>1015</id>
      <root>N:\</root>
      <path>GR\data\INTERROOT_win64\script\ai\out\bin\approach_target.lua</path>
    </file>
    <file>
      <flags>0x40</flags>
      <id>1016</id>
      <root>N:\</root>
      <path>GR\data\INTERROOT_win64\script\ai\out\bin\approach_target_parallelMov.lua</path>
    </file>
    <file>
      <flags>0x40</flags>
      <id>1017</id>
      <root>N:\</root>
      <path>GR\data\INTERROOT_win64\script\ai\out\bin\approach_target_allDirection.lua</path>
    </file>
    <file>
      <flags>0x40</flags>
      <id>1018</id>
      <root>N:\</root>
      <path>GR\data\INTERROOT_win64\script\ai\out\bin\attack.lua</path>
    </file>
    <file>
      <flags>0x40</flags>
      <id>1019</id>
      <root>N:\</root>
      <path>GR\data\INTERROOT_win64\script\ai\out\bin\attack_tunable_spin.lua</path>
    </file>
    <file>
      <flags>0x40</flags>
      <id>1020</id>
      <root>N:\</root>
      <path>GR\data\INTERROOT_win64\script\ai\out\bin\attack_non_cancel.lua</path>
    </file>
    <file>
      <flags>0x40</flags>
      <id>1021</id>
      <root>N:\</root>
      <path>GR\data\INTERROOT_win64\script\ai\out\bin\back_to_home_on_failed_path.lua</path>
    </file>
    <file>
      <flags>0x40</flags>
      <id>1022</id>
      <root>N:\</root>
      <path>GR\data\INTERROOT_win64\script\ai\out\bin\combo_attack.lua</path>
    </file>
    <file>
      <flags>0x40</flags>
      <id>1023</id>
      <root>N:\</root>
      <path>GR\data\INTERROOT_win64\script\ai\out\bin\combo_attack_success_angle180.lua</path>
    </file>
    <file>
      <flags>0x40</flags>
      <id>1024</id>
      <root>N:\</root>
      <path>GR\data\INTERROOT_win64\script\ai\out\bin\combo_attack_tunable_spin.lua</path>
    </file>
    <file>
      <flags>0x40</flags>
      <id>1025</id>
      <root>N:\</root>
      <path>GR\data\INTERROOT_win64\script\ai\out\bin\combo_final.lua</path>
    </file>
    <file>
      <flags>0x40</flags>
      <id>1026</id>
      <root>N:\</root>
      <path>GR\data\INTERROOT_win64\script\ai\out\bin\combo_repeat.lua</path>
    </file>
    <file>
      <flags>0x40</flags>
      <id>1027</id>
      <root>N:\</root>
      <path>GR\data\INTERROOT_win64\script\ai\out\bin\combo_repeat_success_angle180.lua</path>
    </file>
    <file>
      <flags>0x40</flags>
      <id>1028</id>
      <root>N:\</root>
      <path>GR\data\INTERROOT_win64\script\ai\out\bin\combo_tunable_success_angle180.lua</path>
    </file>
    <file>
      <flags>0x40</flags>
      <id>1029</id>
      <root>N:\</root>
      <path>GR\data\INTERROOT_win64\script\ai\out\bin\come_down.lua</path>
    </file>
    <file>
      <flags>0x40</flags>
      <id>1030</id>
      <root>N:\</root>
      <path>GR\data\INTERROOT_win64\script\ai\out\bin\common_attack.lua</path>
    </file>
    <file>
      <flags>0x40</flags>
      <id>1031</id>
      <root>N:\</root>
      <path>GR\data\INTERROOT_win64\script\ai\out\bin\continue_attack.lua</path>
    </file>
    <file>
      <flags>0x40</flags>
      <id>1032</id>
      <root>N:\</root>
      <path>GR\data\INTERROOT_win64\script\ai\out\bin\continue_keepdist.lua</path>
    </file>
    <file>
      <flags>0x40</flags>
      <id>1033</id>
      <root>N:\</root>
      <path>GR\data\INTERROOT_win64\script\ai\out\bin\door_act.lua</path>
    </file>
    <file>
      <flags>0x40</flags>
      <id>1034</id>
      <root>N:\</root>
      <path>GR\data\INTERROOT_win64\script\ai\out\bin\fall.lua</path>
    </file>
    <file>
      <flags>0x40</flags>
      <id>1035</id>
      <root>N:\</root>
      <path>GR\data\INTERROOT_win64\script\ai\out\bin\flexible_sideway.lua</path>
    </file>
    <file>
      <flags>0x40</flags>
      <id>1036</id>
      <root>N:\</root>
      <path>GR\data\INTERROOT_win64\script\ai\out\bin\gaurd_break_attack.lua</path>
    </file>
    <file>
      <flags>0x40</flags>
      <id>1037</id>
      <root>N:\</root>
      <path>GR\data\INTERROOT_win64\script\ai\out\bin\gaurd_break_tunable.lua</path>
    </file>
    <file>
      <flags>0x40</flags>
      <id>1038</id>
      <root>N:\</root>
      <path>GR\data\INTERROOT_win64\script\ai\out\bin\guard_break_combo.lua</path>
    </file>
    <file>
      <flags>0x40</flags>
      <id>1039</id>
      <root>N:\</root>
      <path>GR\data\INTERROOT_win64\script\ai\out\bin\if.lua</path>
    </file>
    <file>
      <flags>0x40</flags>
      <id>1040</id>
      <root>N:\</root>
      <path>GR\data\INTERROOT_win64\script\ai\out\bin\keep_dist_yaxis.lua</path>
    </file>
    <file>
      <flags>0x40</flags>
      <id>1041</id>
      <root>N:\</root>
      <path>GR\data\INTERROOT_win64\script\ai\out\bin\ladder_act.lua</path>
    </file>
    <file>
      <flags>0x40</flags>
      <id>1042</id>
      <root>N:\</root>
      <path>GR\data\INTERROOT_win64\script\ai\out\bin\landing.lua</path>
    </file>
    <file>
      <flags>0x40</flags>
      <id>1043</id>
      <root>N:\</root>
      <path>GR\data\INTERROOT_win64\script\ai\out\bin\move_getwell_space.lua</path>
    </file>
    <file>
      <flags>0x40</flags>
      <id>1044</id>
      <root>N:\</root>
      <path>GR\data\INTERROOT_win64\script\ai\out\bin\move_movepoint_air.lua</path>
    </file>
    <file>
      <flags>0x40</flags>
      <id>1045</id>
      <root>N:\</root>
      <path>GR\data\INTERROOT_win64\script\ai\out\bin\move_possible_direction.lua</path>
    </file>
    <file>
      <flags>0x40</flags>
      <id>1046</id>
      <root>N:\</root>
      <path>GR\data\INTERROOT_win64\script\ai\out\bin\move_to_point.lua</path>
    </file>
    <file>
      <flags>0x40</flags>
      <id>1048</id>
      <root>N:\</root>
      <path>GR\data\INTERROOT_win64\script\ai\out\bin\nonspinning_attack.lua</path>
    </file>
    <file>
      <flags>0x40</flags>
      <id>1049</id>
      <root>N:\</root>
      <path>GR\data\INTERROOT_win64\script\ai\out\bin\nonspinning_combo_attack.lua</path>
    </file>
    <file>
      <flags>0x40</flags>
      <id>1050</id>
      <root>N:\</root>
      <path>GR\data\INTERROOT_win64\script\ai\out\bin\nonspinning_combo_final.lua</path>
    </file>
    <file>
      <flags>0x40</flags>
      <id>1051</id>
      <root>N:\</root>
      <path>GR\data\INTERROOT_win64\script\ai\out\bin\nonspinning_combo_repeat.lua</path>
    </file>
    <file>
      <flags>0x40</flags>
      <id>1052</id>
      <root>N:\</root>
      <path>GR\data\INTERROOT_win64\script\ai\out\bin\normal.lua</path>
    </file>
    <file>
      <flags>0x40</flags>
      <id>1053</id>
      <root>N:\</root>
      <path>GR\data\INTERROOT_win64\script\ai\out\bin\npc_step_attack.lua</path>
    </file>
    <file>
      <flags>0x40</flags>
      <id>1054</id>
      <root>N:\</root>
      <path>GR\data\INTERROOT_win64\script\ai\out\bin\npc_subgoals.lua</path>
    </file>
    <file>
      <flags>0x40</flags>
      <id>1055</id>
      <root>N:\</root>
      <path>GR\data\INTERROOT_win64\script\ai\out\bin\obj_act.lua</path>
    </file>
    <file>
      <flags>0x40</flags>
      <id>1056</id>
      <root>N:\</root>
      <path>GR\data\INTERROOT_win64\script\ai\out\bin\pursuit.lua</path>
    </file>
    <file>
      <flags>0x40</flags>
      <id>1057</id>
      <root>N:\</root>
      <path>GR\data\INTERROOT_win64\script\ai\out\bin\set_number_realtime.lua</path>
    </file>
    <file>
      <flags>0x40</flags>
      <id>1058</id>
      <root>N:\</root>
      <path>GR\data\INTERROOT_win64\script\ai\out\bin\set_timer_realtime.lua</path>
    </file>
    <file>
      <flags>0x40</flags>
      <id>1059</id>
      <root>N:\</root>
      <path>GR\data\INTERROOT_win64\script\ai\out\bin\specialTurn.lua</path>
    </file>
    <file>
      <flags>0x40</flags>
      <id>1060</id>
      <root>N:\</root>
      <path>GR\data\INTERROOT_win64\script\ai\out\bin\step_safety.lua</path>
    </file>
    <file>
      <flags>0x40</flags>
      <id>1061</id>
      <root>N:\</root>
      <path>GR\data\INTERROOT_win64\script\ai\out\bin\team_call_help.lua</path>
    </file>
    <file>
      <flags>0x40</flags>
      <id>1062</id>
      <root>N:\</root>
      <path>GR\data\INTERROOT_win64\script\ai\out\bin\team_reply_help.lua</path>
    </file>
    <file>
      <flags>0x40</flags>
      <id>1063</id>
      <root>N:\</root>
      <path>GR\data\INTERROOT_win64\script\ai\out\bin\top_goal.lua</path>
    </file>
    <file>
      <flags>0x40</flags>
      <id>1064</id>
      <root>N:\</root>
      <path>GR\data\INTERROOT_win64\script\ai\out\bin\turn.lua</path>
    </file>
    <file>
      <flags>0x40</flags>
      <id>1065</id>
      <root>N:\</root>
      <path>GR\data\INTERROOT_win64\script\ai\out\bin\turnaround.lua</path>
    </file>
    <file>
      <flags>0x40</flags>
      <id>1066</id>
      <root>N:\</root>
      <path>GR\data\INTERROOT_win64\script\ai\out\bin\use_item.lua</path>
    </file>
    <file>
      <flags>0x40</flags>
      <id>1067</id>
      <root>N:\</root>
      <path>GR\data\INTERROOT_win64\script\ai\out\bin\wait_on_failed_path.lua</path>
    </file>
    <file>
      <flags>0x40</flags>
      <id>1068</id>
      <root>N:\</root>
      <path>GR\data\INTERROOT_win64\script\ai\out\bin\walk_around.lua</path>
    </file>
    <file>
      <flags>0x40</flags>
      <id>1069</id>
      <root>N:\</root>
      <path>GR\data\INTERROOT_win64\script\ai\out\bin\walk_around_on_failed_path.lua</path>
    </file>
    <file>
      <flags>0x40</flags>
      <id>1070</id>
      <root>N:\</root>
      <path>GR\data\INTERROOT_win64\script\ai\out\bin\waypoint_anim_trial.lua</path>
    </file>
    <file>
      <flags>0x40</flags>
      <id>1071</id>
      <root>N:\</root>
      <path>GR\data\INTERROOT_win64\script\ai\out\bin\weapon_change.lua</path>
    </file>
    <file>
      <flags>0x40</flags>
      <id>1072</id>
      <root>N:\</root>
      <path>GR\data\INTERROOT_win64\script\ai\out\bin\wait_with_anime.lua</path>
    </file>
    <file>
      <flags>0x40</flags>
      <id>1073</id>
      <root>N:\</root>
      <path>GR\data\INTERROOT_win64\script\ai\out\bin\ladder_wait.lua</path>
    </file>
    <file>
      <flags>0x40</flags>
      <id>1074</id>
      <root>N:\</root>
      <path>GR\data\INTERROOT_win64\script\ai\out\bin\sideway_on_failed_path_white_ghost.lua</path>
    </file>
    <file>
      <flags>0x40</flags>
      <id>1142</id>
      <root>N:\</root>
      <path>GR\data\INTERROOT_win64\script\ai\out\bin\walk_around_anywhere.lua</path>
    </file>
    <file>
      <flags>0x40</flags>
      <id>1143</id>
      <root>N:\</root>
      <path>GR\data\INTERROOT_win64\script\ai\out\bin\mount.lua</path>
    </file>
    <file>
      <flags>0x40</flags>
      <id>1144</id>
      <root>N:\</root>
      <path>GR\data\INTERROOT_win64\script\ai\out\bin\dismount.lua</path>
    </file>
    <file>
      <flags>0x40</flags>
      <id>1145</id>
      <root>N:\</root>
      <path>GR\data\INTERROOT_win64\script\ai\out\bin\npc_whiteghost_battle.lua</path>
    </file>
    <file>
      <flags>0x40</flags>
      <id>1147</id>
      <root>N:\</root>
      <path>GR\data\INTERROOT_win64\script\ai\out\bin\fall_asleep.lua</path>
    </file>
    <file>
      <flags>0x40</flags>
      <id>1148</id>
      <root>N:\</root>
      <path>GR\data\INTERROOT_win64\script\ai\out\bin\error_notification.lua</path>
    </file>
    <file>
      <flags>0x40</flags>
      <id>1149</id>
      <root>N:\</root>
      <path>GR\data\INTERROOT_win64\script\ai\out\bin\leave_target_to_path_end.lua</path>
    </file>
    <file>
      <flags>0x40</flags>
      <id>1150</id>
      <root>N:\</root>
      <path>GR\data\INTERROOT_win64\script\ai\out\bin\leave_target_continuous.lua</path>
    </file>
    <file>
      <flags>0x40</flags>
      <id>1151</id>
      <root>N:\</root>
      <path>GR\data\INTERROOT_win64\script\ai\out\bin\sideway_on_failed_path.lua</path>
    </file>
    <file>
      <flags>0x40</flags>
      <id>1152</id>
      <root>N:\</root>
      <path>GR\data\INTERROOT_win64\script\ai\out\bin\approach_around.lua</path>
    </file>
    <file>
      <flags>0x40</flags>
      <id>1153</id>
      <root>N:\</root>
      <path>GR\data\INTERROOT_win64\script\ai\out\bin\common_npc_item_magic.lua</path>
    </file>
    <file>
      <flags>0x40</flags>
      <id>1154</id>
      <root>N:\</root>
      <path>GR\data\INTERROOT_win64\script\ai\out\bin\guard_on_failed_path.lua</path>
    </file>
    <file>
      <flags>0x40</flags>
      <id>1155</id>
      <root>N:\</root>
      <path>GR\data\INTERROOT_win64\script\ai\out\bin\approach_target_onUnfavorableAttack.lua</path>
    </file>
    <file>
      <flags>0x40</flags>
      <id>1156</id>
      <root>N:\</root>
      <path>GR\data\INTERROOT_win64\script\ai\out\bin\approach_ForBuddy.lua</path>
    </file>
    <file>
      <flags>0x40</flags>
      <id>1157</id>
      <root>N:\</root>
      <path>GR\data\INTERROOT_win64\script\ai\out\bin\npc_comboattack_withmove.lua</path>
    </file>
    <file>
      <flags>0x40</flags>
      <id>1158</id>
      <root>N:\</root>
      <path>GR\data\INTERROOT_win64\script\ai\out\bin\move_to_waitandsee.lua</path>
    </file>
    <file>
      <flags>0x40</flags>
      <id>1159</id>
      <root>N:\</root>
      <path>GR\data\INTERROOT_win64\script\ai\out\bin\npc_stanceattack_withmove.lua</path>
    </file>
    <file>
      <flags>0x40</flags>
      <id>2001</id>
      <root>N:\</root>
      <path>GR\data\INTERROOT_win64\script\ai\out\bin\common_sound_behavior.lua</path>
    </file>
    <file>
      <flags>0x40</flags>
      <id>2003</id>
      <root>N:\</root>
      <path>GR\data\INTERROOT_win64\script\ai\out\bin\common_npc_weapon.lua</path>
    </file>
    <file>
      <flags>0x40</flags>
      <id>2004</id>
      <root>N:\</root>
      <path>GR\data\INTERROOT_win64\script\ai\out\bin\formation_define.lua</path>
    </file>
    <file>
      <flags>0x40</flags>
      <id>2005</id>
      <root>N:\</root>
      <path>GR\data\INTERROOT_win64\script\ai\out\bin\formation_common.lua</path>
    </file>
    <file>
      <flags>0x40</flags>
      <id>2006</id>
      <root>N:\</root>
      <path>GR\data\INTERROOT_win64\script\ai\out\bin\common_platoon_func.lua</path>
    </file>
    <file>
      <flags>0x40</flags>
      <id>2007</id>
      <root>N:\</root>
      <path>GR\data\INTERROOT_win64\script\ai\out\bin\sideway_for_fear_of_fire.lua</path>
    </file>
    <file>
      <flags>0x40</flags>
      <id>2008</id>
      <root>N:\</root>
      <path>GR\data\INTERROOT_win64\script\ai\out\bin\000000_platoon.lua</path>
    </file>
    <file>
      <flags>0x40</flags>
      <id>2009</id>
      <root>N:\</root>
      <path>GR\data\INTERROOT_win64\script\ai\out\bin\000100_platoon.lua</path>
    </file>
    <file>
      <flags>0x40</flags>
      <id>2010</id>
      <root>N:\</root>
      <path>GR\data\INTERROOT_win64\script\ai\out\bin\000110_platoon.lua</path>
    </file>
    <file>
      <flags>0x40</flags>
      <id>2011</id>
      <root>N:\</root>
      <path>GR\data\INTERROOT_win64\script\ai\out\bin\000120_platoon.lua</path>
    </file>
    <file>
      <flags>0x40</flags>
      <id>2012</id>
      <root>N:\</root>
      <path>GR\data\INTERROOT_win64\script\ai\out\bin\000500_platoon.lua</path>
    </file>
    <file>
      <flags>0x40</flags>
      <id>2013</id>
      <root>N:\</root>
      <path>GR\data\INTERROOT_win64\script\ai\out\bin\000300_platoon.lua</path>
    </file>
    <file>
      <flags>0x40</flags>
      <id>2014</id>
      <root>N:\</root>
      <path>GR\data\INTERROOT_win64\script\ai\out\bin\000310_platoon.lua</path>
    </file>
    <file>
      <flags>0x40</flags>
      <id>2015</id>
      <root>N:\</root>
      <path>GR\data\INTERROOT_win64\script\ai\out\bin\000320_platoon.lua</path>
    </file>
    <file>
      <flags>0x40</flags>
      <id>2016</id>
      <root>N:\</root>
      <path>GR\data\INTERROOT_win64\script\ai\out\bin\000130_platoon.lua</path>
    </file>
    <file>
      <flags>0x40</flags>
      <id>2017</id>
      <root>N:\</root>
      <path>GR\data\INTERROOT_win64\script\ai\out\bin\000321_platoon.lua</path>
    </file>
    <file>
      <flags>0x40</flags>
      <id>2020</id>
      <root>N:\</root>
      <path>GR\data\INTERROOT_win64\script\ai\out\bin\000510_platoon.lua</path>
    </file>
    <file>
      <flags>0x40</flags>
      <id>2021</id>
      <root>N:\</root>
      <path>GR\data\INTERROOT_win64\script\ai\out\bin\000430_platoon.lua</path>
    </file>
    <file>
      <flags>0x40</flags>
      <id>2022</id>
      <root>N:\</root>
      <path>GR\data\INTERROOT_win64\script\ai\out\bin\000440_platoon.lua</path>
    </file>
    <file>
      <flags>0x40</flags>
      <id>2023</id>
      <root>N:\</root>
      <path>GR\data\INTERROOT_win64\script\ai\out\bin\000441_platoon.lua</path>
    </file>
    <file>
      <flags>0x40</flags>
      <id>2024</id>
      <root>N:\</root>
      <path>GR\data\INTERROOT_win64\script\ai\out\bin\000442_platoon.lua</path>
    </file>
    <file>
      <flags>0x40</flags>
      <id>2025</id>
      <root>N:\</root>
      <path>GR\data\INTERROOT_win64\script\ai\out\bin\000443_platoon.lua</path>
    </file>
    <file>
      <flags>0x40</flags>
      <id>2026</id>
      <root>N:\</root>
      <path>GR\data\INTERROOT_win64\script\ai\out\bin\000444_platoon.lua</path>
    </file>
    <file>
      <flags>0x40</flags>
      <id>2027</id>
      <root>N:\</root>
      <path>GR\data\INTERROOT_win64\script\ai\out\bin\000450_platoon.lua</path>
    </file>
    <file>
      <flags>0x40</flags>
      <id>2028</id>
      <root>N:\</root>
      <path>GR\data\INTERROOT_win64\script\ai\out\bin\000451_platoon.lua</path>
    </file>
    <file>
      <flags>0x40</flags>
      <id>2110</id>
      <root>N:\</root>
      <path>GR\data\INTERROOT_win64\script\ai\out\bin\000600_platoon.lua</path>
    </file>
    <file>
      <flags>0x40</flags>
      <id>2120</id>
      <root>N:\</root>
      <path>GR\data\INTERROOT_win64\script\ai\out\bin\000700_platoon.lua</path>
    </file>
    <file>
      <flags>0x40</flags>
      <id>2121</id>
      <root>N:\</root>
      <path>GR\data\INTERROOT_win64\script\ai\out\bin\000710_platoon.lua</path>
    </file>
    <file>
      <flags>0x40</flags>
      <id>2122</id>
      <root>N:\</root>
      <path>GR\data\INTERROOT_win64\script\ai\out\bin\000720_platoon.lua</path>
    </file>
    <file>
      <flags>0x40</flags>
      <id>2130</id>
      <root>N:\</root>
      <path>GR\data\INTERROOT_win64\script\ai\out\bin\000800_platoon.lua</path>
    </file>
    <file>
      <flags>0x40</flags>
      <id>2140</id>
      <root>N:\</root>
      <path>GR\data\INTERROOT_win64\script\ai\out\bin\000900_platoon.lua</path>
    </file>
    <file>
      <flags>0x40</flags>
      <id>2900</id>
      <root>N:\</root>
      <path>GR\data\INTERROOT_win64\script\ai\out\bin\001000_platoon.lua</path>
    </file>
    <file>
      <flags>0x40</flags>
      <id>2901</id>
      <root>N:\</root>
      <path>GR\data\INTERROOT_win64\script\ai\out\bin\001010_platoon.lua</path>
    </file>
    <file>
      <flags>0x40</flags>
      <id>2902</id>
      <root>N:\</root>
      <path>GR\data\INTERROOT_win64\script\ai\out\bin\010000_platoon.lua</path>
    </file>
    <file>
      <flags>0x40</flags>
      <id>2903</id>
      <root>N:\</root>
      <path>GR\data\INTERROOT_win64\script\ai\out\bin\410000_platoon.lua</path>
    </file>
    <file>
      <flags>0x40</flags>
      <id>2904</id>
      <root>N:\</root>
      <path>GR\data\INTERROOT_win64\script\ai\out\bin\000730_platoon.lua</path>
    </file>
    <file>
      <flags>0x40</flags>
      <id>2905</id>
      <root>N:\</root>
      <path>GR\data\INTERROOT_win64\script\ai\out\bin\002000_platoon.lua</path>
    </file>
    <file>
      <flags>0x40</flags>
      <id>2906</id>
      <root>N:\</root>
      <path>GR\data\INTERROOT_win64\script\ai\out\bin\003000_platoon.lua</path>
    </file>
    <file>
      <flags>0x40</flags>
      <id>2907</id>
      <root>N:\</root>
      <path>GR\data\INTERROOT_win64\script\ai\out\bin\004460_platoon.lua</path>
    </file>
    <file>
      <flags>0x40</flags>
      <id>2908</id>
      <root>N:\</root>
      <path>GR\data\INTERROOT_win64\script\ai\out\bin\000140_platoon.lua</path>
    </file>
    <file>
      <flags>0x40</flags>
      <id>2909</id>
      <root>N:\</root>
      <path>GR\data\INTERROOT_win64\script\ai\out\bin\002100_platoon.lua</path>
    </file>
    <file>
      <flags>0x40</flags>
      <id>2910</id>
      <root>N:\</root>
      <path>GR\data\INTERROOT_win64\script\ai\out\bin\003450_platoon.lua</path>
    </file>
    <file>
      <flags>0x40</flags>
      <id>2911</id>
      <root>N:\</root>
      <path>GR\data\INTERROOT_win64\script\ai\out\bin\003451_platoon.lua</path>
    </file>
    <file>
      <flags>0x40</flags>
      <id>2912</id>
      <root>N:\</root>
      <path>GR\data\INTERROOT_win64\script\ai\out\bin\003661_platoon.lua</path>
    </file>
    <file>
      <flags>0x40</flags>
      <id>3100</id>
      <root>N:\</root>
      <path>GR\data\INTERROOT_win64\script\ai\out\bin\003100_platoon.lua</path>
    </file>
    <file>
      <flags>0x40</flags>
      <id>4450</id>
      <root>N:\</root>
      <path>GR\data\INTERROOT_win64\script\ai\out\bin\010100_platoon.lua</path>
    </file>
    <file>
      <flags>0x40</flags>
      <id>4451</id>
      <root>N:\</root>
      <path>GR\data\INTERROOT_win64\script\ai\out\bin\004450_platoon.lua</path>
    </file>
    <file>
      <flags>0x40</flags>
      <id>4452</id>
      <root>N:\</root>
      <path>GR\data\INTERROOT_win64\script\ai\out\bin\214010_platoon.lua</path>
    </file>
    <file>
      <flags>0x40</flags>
      <id>4453</id>
      <root>N:\</root>
      <path>GR\data\INTERROOT_win64\script\ai\out\bin\010200_platoon.lua</path>
    </file>
    <file>
      <flags>0x40</flags>
      <id>4454</id>
      <root>N:\</root>
      <path>GR\data\INTERROOT_win64\script\ai\out\bin\438110_platoon.lua</path>
    </file>
    <file>
      <flags>0x40</flags>
      <id>4455</id>
      <root>N:\</root>
      <path>GR\data\INTERROOT_win64\script\ai\out\bin\438510_platoon.lua</path>
    </file>
    <file>
      <flags>0x40</flags>
      <id>4456</id>
      <root>N:\</root>
      <path>GR\data\INTERROOT_win64\script\ai\out\bin\438520_platoon.lua</path>
    </file>
    <file>
      <flags>0x40</flags>
      <id>9000</id>
      <root>N:\</root>
      <path>GR\data\INTERROOT_win64\script\ai\out\bin\010000_logic.lua</path>
    </file>
    <file>
      <flags>0x40</flags>
      <id>9001</id>
      <root>N:\</root>
      <path>GR\data\INTERROOT_win64\script\ai\out\bin\001540_logic.lua</path>
    </file>
    <file>
      <flags>0x40</flags>
      <id>9003</id>
      <root>N:\</root>
      <path>GR\data\INTERROOT_win64\script\ai\out\bin\001542_logic.lua</path>
    </file>
    <file>
      <flags>0x40</flags>
      <id>9004</id>
      <root>N:\</root>
      <path>GR\data\INTERROOT_win64\script\ai\out\bin\011000_logic.lua</path>
    </file>
    <file>
      <flags>0x40</flags>
      <id>9006</id>
      <root>N:\</root>
      <path>GR\data\INTERROOT_win64\script\ai\out\bin\013000_logic.lua</path>
    </file>
    <file>
      <flags>0x40</flags>
      <id>9007</id>
      <root>N:\</root>
      <path>GR\data\INTERROOT_win64\script\ai\out\bin\013010_logic.lua</path>
    </file>
    <file>
      <flags>0x40</flags>
      <id>9008</id>
      <root>N:\</root>
      <path>GR\data\INTERROOT_win64\script\ai\out\bin\014020_logic.lua</path>
    </file>
    <file>
      <flags>0x40</flags>
      <id>9009</id>
      <root>N:\</root>
      <path>GR\data\INTERROOT_win64\script\ai\out\bin\014500_logic.lua</path>
    </file>
    <file>
      <flags>0x40</flags>
      <id>9010</id>
      <root>N:\</root>
      <path>GR\data\INTERROOT_win64\script\ai\out\bin\020000_logic.lua</path>
    </file>
    <file>
      <flags>0x40</flags>
      <id>9011</id>
      <root>N:\</root>
      <path>GR\data\INTERROOT_win64\script\ai\out\bin\020010_logic.lua</path>
    </file>
    <file>
      <flags>0x40</flags>
      <id>9014</id>
      <root>N:\</root>
      <path>GR\data\INTERROOT_win64\script\ai\out\bin\410000_logic.lua</path>
    </file>
    <file>
      <flags>0x40</flags>
      <id>9015</id>
      <root>N:\</root>
      <path>GR\data\INTERROOT_win64\script\ai\out\bin\430000_logic.lua</path>
    </file>
    <file>
      <flags>0x40</flags>
      <id>9016</id>
      <root>N:\</root>
      <path>GR\data\INTERROOT_win64\script\ai\out\bin\441000_logic.lua</path>
    </file>
    <file>
      <flags>0x40</flags>
      <id>9017</id>
      <root>N:\</root>
      <path>GR\data\INTERROOT_win64\script\ai\out\bin\450010_logic.lua</path>
    </file>
    <file>
      <flags>0x40</flags>
      <id>9018</id>
      <root>N:\</root>
      <path>GR\data\INTERROOT_win64\script\ai\out\bin\450000_logic.lua</path>
    </file>
    <file>
      <flags>0x40</flags>
      <id>9101</id>
      <root>N:\</root>
      <path>GR\data\INTERROOT_win64\script\ai\out\bin\800000_logic.lua</path>
    </file>
    <file>
      <flags>0x40</flags>
      <id>9103</id>
      <root>N:\</root>
      <path>GR\data\INTERROOT_win64\script\ai\out\bin\010000_battle.lua</path>
    </file>
    <file>
      <flags>0x40</flags>
      <id>9104</id>
      <root>N:\</root>
      <path>GR\data\INTERROOT_win64\script\ai\out\bin\012000_battle.lua</path>
    </file>
    <file>
      <flags>0x40</flags>
      <id>9105</id>
      <root>N:\</root>
      <path>GR\data\INTERROOT_win64\script\ai\out\bin\014000_battle.lua</path>
    </file>
    <file>
      <flags>0x40</flags>
      <id>9106</id>
      <root>N:\</root>
      <path>GR\data\INTERROOT_win64\script\ai\out\bin\029999_battle.lua</path>
    </file>
    <file>
      <flags>0x40</flags>
      <id>9107</id>
      <root>N:\</root>
      <path>GR\data\INTERROOT_win64\script\ai\out\bin\450010_battle.lua</path>
    </file>
    <file>
      <flags>0x40</flags>
      <id>9108</id>
      <root>N:\</root>
      <path>GR\data\INTERROOT_win64\script\ai\out\bin\450000_battle.lua</path>
    </file>
    <file>
      <flags>0x40</flags>
      <id>9109</id>
      <root>N:\</root>
      <path>GR\data\INTERROOT_win64\script\ai\out\bin\472000_battle.lua</path>
    </file>
    <file>
      <flags>0x40</flags>
      <id>9110</id>
      <root>N:\</root>
      <path>GR\data\INTERROOT_win64\script\ai\out\bin\920090_battle.lua</path>
    </file>
    <file>
      <flags>0x40</flags>
      <id>1000000</id>
      <root>N:\</root>
      <path>GR\data\INTERROOT_win64\script\ai\aiCommon.luagnl</path>
    </file>
    <file>
      <flags>0x40</flags>
      <id>1000001</id>
      <root>N:\</root>
      <path>GR\data\INTERROOT_win64\script\ai\aiCommon.luainfo</path>
    </file>
  </files>
</bnd4>