﻿<?xml version="1.0" encoding="utf-8"?>
<bnd4>
  <filename>m10_00_00_00.luabnd.dcx</filename>
  <compression>SekiroKRAK</compression>
  <timestamp>07D7R6</timestamp>
  <format>0x74</format>
  <bigendian>False</bigendian>
  <flag1>False</flag1>
  <flag2>False</flag2>
  <unicode>True</unicode>
  <extended>0x04</extended>
  <files>
    <file>
      <flags>0x40</flags>
      <id>2001</id>
      <root>N:\NTC\data\Target\INTERROOT_win64\</root>
      <path>script\ai\out\bin\155000_battle.lua</path>
    </file>
    <file>
      <flags>0x40</flags>
      <id>2002</id>
      <root>N:\NTC\data\Target\INTERROOT_win64\</root>
      <path>script\ai\out\bin\155010_battle.lua</path>
    </file>
    <file>
      <flags>0x40</flags>
      <id>2003</id>
      <root>N:\NTC\data\Target\INTERROOT_win64\</root>
      <path>script\ai\out\bin\155020_battle.lua</path>
    </file>
    <file>
      <flags>0x40</flags>
      <id>2004</id>
      <root>N:\NTC\data\Target\INTERROOT_win64\</root>
      <path>script\ai\out\bin\155030_battle.lua</path>
    </file>
    <file>
      <flags>0x40</flags>
      <id>2005</id>
      <root>N:\NTC\data\Target\INTERROOT_win64\</root>
      <path>script\ai\out\bin\155040_battle.lua</path>
    </file>
    <file>
      <flags>0x40</flags>
      <id>2006</id>
      <root>N:\NTC\data\Target\INTERROOT_win64\</root>
      <path>script\ai\out\bin\155050_battle.lua</path>
    </file>
    <file>
      <flags>0x40</flags>
      <id>2007</id>
      <root>N:\NTC\data\Target\INTERROOT_win64\</root>
      <path>script\ai\out\bin\155060_battle.lua</path>
    </file>
    <file>
      <flags>0x40</flags>
      <id>2008</id>
      <root>N:\NTC\data\Target\INTERROOT_win64\</root>
      <path>script\ai\out\bin\155000_logic.lua</path>
    </file>
    <file>
      <flags>0x40</flags>
      <id>2009</id>
      <root>N:\NTC\data\Target\INTERROOT_win64\</root>
      <path>script\ai\out\bin\107000_logic.lua</path>
    </file>
    <file>
      <flags>0x40</flags>
      <id>2010</id>
      <root>N:\NTC\data\Target\INTERROOT_win64\</root>
      <path>script\ai\out\bin\107000_battle.lua</path>
    </file>
    <file>
      <flags>0x40</flags>
      <id>2011</id>
      <root>N:\NTC\data\Target\INTERROOT_win64\</root>
      <path>script\ai\out\bin\011000_battle.lua</path>
    </file>
    <file>
      <flags>0x40</flags>
      <id>2012</id>
      <root>N:\NTC\data\Target\INTERROOT_win64\</root>
      <path>script\ai\out\bin\020000_logic.lua</path>
    </file>
    <file>
      <flags>0x40</flags>
      <id>2013</id>
      <root>N:\NTC\data\Target\INTERROOT_win64\</root>
      <path>script\ai\out\bin\509000_battle.lua</path>
    </file>
    <file>
      <flags>0x40</flags>
      <id>2014</id>
      <root>N:\NTC\data\Target\INTERROOT_win64\</root>
      <path>script\ai\out\bin\509000_logic.lua</path>
    </file>
    <file>
      <flags>0x40</flags>
      <id>2015</id>
      <root>N:\NTC\data\Target\INTERROOT_win64\</root>
      <path>script\ai\out\bin\151000_logic.lua</path>
    </file>
    <file>
      <flags>0x40</flags>
      <id>2016</id>
      <root>N:\NTC\data\Target\INTERROOT_win64\</root>
      <path>script\ai\out\bin\151000_battle.lua</path>
    </file>
    <file>
      <flags>0x40</flags>
      <id>2017</id>
      <root>N:\NTC\data\Target\INTERROOT_win64\</root>
      <path>script\ai\out\bin\151010_battle.lua</path>
    </file>
    <file>
      <flags>0x40</flags>
      <id>2018</id>
      <root>N:\NTC\data\Target\INTERROOT_win64\</root>
      <path>script\ai\out\bin\151020_battle.lua</path>
    </file>
    <file>
      <flags>0x40</flags>
      <id>2019</id>
      <root>N:\NTC\data\Target\INTERROOT_win64\</root>
      <path>script\ai\out\bin\151030_battle.lua</path>
    </file>
    <file>
      <flags>0x40</flags>
      <id>2020</id>
      <root>N:\NTC\data\Target\INTERROOT_win64\</root>
      <path>script\ai\out\bin\151040_battle.lua</path>
    </file>
    <file>
      <flags>0x40</flags>
      <id>2021</id>
      <root>N:\NTC\data\Target\INTERROOT_win64\</root>
      <path>script\ai\out\bin\151050_battle.lua</path>
    </file>
    <file>
      <flags>0x40</flags>
      <id>2022</id>
      <root>N:\NTC\data\Target\INTERROOT_win64\</root>
      <path>script\ai\out\bin\105000_battle.lua</path>
    </file>
    <file>
      <flags>0x40</flags>
      <id>2023</id>
      <root>N:\NTC\data\Target\INTERROOT_win64\</root>
      <path>script\ai\out\bin\105000_logic.lua</path>
    </file>
    <file>
      <flags>0x40</flags>
      <id>2024</id>
      <root>N:\NTC\data\Target\INTERROOT_win64\</root>
      <path>script\ai\out\bin\110000_battle.lua</path>
    </file>
    <file>
      <flags>0x40</flags>
      <id>2025</id>
      <root>N:\NTC\data\Target\INTERROOT_win64\</root>
      <path>script\ai\out\bin\110000_logic.lua</path>
    </file>
    <file>
      <flags>0x40</flags>
      <id>2026</id>
      <root>N:\NTC\data\Target\INTERROOT_win64\</root>
      <path>script\ai\out\bin\111000_battle.lua</path>
    </file>
    <file>
      <flags>0x40</flags>
      <id>2027</id>
      <root>N:\NTC\data\Target\INTERROOT_win64\</root>
      <path>script\ai\out\bin\111000_logic.lua</path>
    </file>
    <file>
      <flags>0x40</flags>
      <id>2028</id>
      <root>N:\NTC\data\Target\INTERROOT_win64\</root>
      <path>script\ai\out\bin\124000_battle.lua</path>
    </file>
    <file>
      <flags>0x40</flags>
      <id>2029</id>
      <root>N:\NTC\data\Target\INTERROOT_win64\</root>
      <path>script\ai\out\bin\124000_logic.lua</path>
    </file>
    <file>
      <flags>0x40</flags>
      <id>2030</id>
      <root>N:\NTC\data\Target\INTERROOT_win64\</root>
      <path>script\ai\out\bin\140000_battle.lua</path>
    </file>
    <file>
      <flags>0x40</flags>
      <id>2031</id>
      <root>N:\NTC\data\Target\INTERROOT_win64\</root>
      <path>script\ai\out\bin\140000_logic.lua</path>
    </file>
    <file>
      <flags>0x40</flags>
      <id>2032</id>
      <root>N:\NTC\data\Target\INTERROOT_win64\</root>
      <path>script\ai\out\bin\147000_battle.lua</path>
    </file>
    <file>
      <flags>0x40</flags>
      <id>2033</id>
      <root>N:\NTC\data\Target\INTERROOT_win64\</root>
      <path>script\ai\out\bin\147000_logic.lua</path>
    </file>
    <file>
      <flags>0x40</flags>
      <id>2034</id>
      <root>N:\NTC\data\Target\INTERROOT_win64\</root>
      <path>script\ai\out\bin\506000_battle.lua</path>
    </file>
    <file>
      <flags>0x40</flags>
      <id>2035</id>
      <root>N:\NTC\data\Target\INTERROOT_win64\</root>
      <path>script\ai\out\bin\506000_logic.lua</path>
    </file>
    <file>
      <flags>0x40</flags>
      <id>2036</id>
      <root>N:\NTC\data\Target\INTERROOT_win64\</root>
      <path>script\ai\out\bin\506300_logic.lua</path>
    </file>
    <file>
      <flags>0x40</flags>
      <id>2037</id>
      <root>N:\NTC\data\Target\INTERROOT_win64\</root>
      <path>script\ai\out\bin\506300_battle.lua</path>
    </file>
    <file>
      <flags>0x40</flags>
      <id>2038</id>
      <root>N:\NTC\data\Target\INTERROOT_win64\</root>
      <path>script\ai\out\bin\507000_battle.lua</path>
    </file>
    <file>
      <flags>0x40</flags>
      <id>2039</id>
      <root>N:\NTC\data\Target\INTERROOT_win64\</root>
      <path>script\ai\out\bin\507000_logic.lua</path>
    </file>
    <file>
      <flags>0x40</flags>
      <id>2040</id>
      <root>N:\NTC\data\Target\INTERROOT_win64\</root>
      <path>script\ai\out\bin\507300_battle.lua</path>
    </file>
    <file>
      <flags>0x40</flags>
      <id>2041</id>
      <root>N:\NTC\data\Target\INTERROOT_win64\</root>
      <path>script\ai\out\bin\507300_logic.lua</path>
    </file>
    <file>
      <flags>0x40</flags>
      <id>2044</id>
      <root>N:\NTC\data\Target\INTERROOT_win64\</root>
      <path>script\ai\out\bin\115000_logic.lua</path>
    </file>
    <file>
      <flags>0x40</flags>
      <id>2045</id>
      <root>N:\NTC\data\Target\INTERROOT_win64\</root>
      <path>script\ai\out\bin\115000_battle.lua</path>
    </file>
    <file>
      <flags>0x40</flags>
      <id>2048</id>
      <root>N:\NTC\data\Target\INTERROOT_win64\</root>
      <path>script\ai\out\bin\132000_battle.lua</path>
    </file>
    <file>
      <flags>0x40</flags>
      <id>2049</id>
      <root>N:\NTC\data\Target\INTERROOT_win64\</root>
      <path>script\ai\out\bin\132000_logic.lua</path>
    </file>
    <file>
      <flags>0x40</flags>
      <id>2050</id>
      <root>N:\NTC\data\Target\INTERROOT_win64\</root>
      <path>script\ai\out\bin\506001_battle.lua</path>
    </file>
    <file>
      <flags>0x40</flags>
      <id>2051</id>
      <root>N:\NTC\data\Target\INTERROOT_win64\</root>
      <path>script\ai\out\bin\134000_battle.lua</path>
    </file>
    <file>
      <flags>0x40</flags>
      <id>2052</id>
      <root>N:\NTC\data\Target\INTERROOT_win64\</root>
      <path>script\ai\out\bin\134000_logic.lua</path>
    </file>
    <file>
      <flags>0x40</flags>
      <id>2053</id>
      <root>N:\NTC\data\Target\INTERROOT_win64\</root>
      <path>script\ai\out\bin\140010_logic.lua</path>
    </file>
    <file>
      <flags>0x40</flags>
      <id>2054</id>
      <root>N:\NTC\data\Target\INTERROOT_win64\</root>
      <path>script\ai\out\bin\132010_battle.lua</path>
    </file>
    <file>
      <flags>0x40</flags>
      <id>2055</id>
      <root>N:\NTC\data\Target\INTERROOT_win64\</root>
      <path>script\ai\out\bin\118000_battle.lua</path>
    </file>
    <file>
      <flags>0x40</flags>
      <id>2056</id>
      <root>N:\NTC\data\Target\INTERROOT_win64\</root>
      <path>script\ai\out\bin\118020_battle.lua</path>
    </file>
    <file>
      <flags>0x40</flags>
      <id>2057</id>
      <root>N:\NTC\data\Target\INTERROOT_win64\</root>
      <path>script\ai\out\bin\118040_battle.lua</path>
    </file>
    <file>
      <flags>0x40</flags>
      <id>2058</id>
      <root>N:\NTC\data\Target\INTERROOT_win64\</root>
      <path>script\ai\out\bin\118000_logic.lua</path>
    </file>
    <file>
      <flags>0x40</flags>
      <id>2059</id>
      <root>N:\NTC\data\Target\INTERROOT_win64\</root>
      <path>script\ai\out\bin\101200_logic.lua</path>
    </file>
    <file>
      <flags>0x40</flags>
      <id>2060</id>
      <root>N:\NTC\data\Target\INTERROOT_win64\</root>
      <path>script\ai\out\bin\101200_battle.lua</path>
    </file>
    <file>
      <flags>0x40</flags>
      <id>1000000</id>
      <root>N:\NTC\data\Target\INTERROOT_win64\</root>
      <path>script\ai\m10_00_00_00.luagnl</path>
    </file>
    <file>
      <flags>0x40</flags>
      <id>1000001</id>
      <root>N:\NTC\data\Target\INTERROOT_win64\</root>
      <path>script\ai\m10_00_00_00.luainfo</path>
    </file>
  </files>
</bnd4>