﻿<?xml version="1.0" encoding="utf-8"?>
<bnd4>
  <filename>307040_battle.luabnd.dcx</filename>
  <compression>SekiroKRAK</compression>
  <timestamp>07D7R6</timestamp>
  <format>0x74</format>
  <bigendian>False</bigendian>
  <flag1>False</flag1>
  <flag2>False</flag2>
  <unicode>True</unicode>
  <extended>0x04</extended>
  <files>
    <file>
      <flags>0x40</flags>
      <id>1000</id>
      <root>N:\</root>
      <path>GR\data\INTERROOT_win64\script\ai\out\each\307040_battle\307040_battle.lua</path>
    </file>
    <file>
      <flags>0x40</flags>
      <id>1000000</id>
      <root>N:\</root>
      <path>GR\data\INTERROOT_win64\script\ai\out\each\307040_battle\307040_battle.luagnl</path>
    </file>
  </files>
</bnd4>