﻿<?xml version="1.0" encoding="utf-8"?>
<bnd4>
  <filename>aicommon.luabnd.dcx</filename>
  <compression>SekiroKRAK</compression>
  <timestamp>07D7R6</timestamp>
  <format>0x74</format>
  <bigendian>False</bigendian>
  <flag1>False</flag1>
  <flag2>False</flag2>
  <unicode>True</unicode>
  <extended>0x04</extended>
  <files>
    <file>
      <flags>0x40</flags>
      <id>1000</id>
      <root>N:\NTC\data\Target\INTERROOT_win64\</root>
      <path>script\ai\out\bin\goal_list.lua</path>
    </file>
    <file>
      <flags>0x40</flags>
      <id>1001</id>
      <root>N:\NTC\data\Target\INTERROOT_win64\</root>
      <path>script\ai\out\bin\logic_list.lua</path>
    </file>
    <file>
      <flags>0x40</flags>
      <id>1002</id>
      <root>N:\NTC\data\Target\INTERROOT_win64\</root>
      <path>script\ai\out\bin\ai_define.lua</path>
    </file>
    <file>
      <flags>0x40</flags>
      <id>1003</id>
      <root>N:\NTC\data\Target\INTERROOT_win64\</root>
      <path>script\ai\out\bin\event_list.lua</path>
    </file>
    <file>
      <flags>0x40</flags>
      <id>1004</id>
      <root>N:\NTC\data\Target\INTERROOT_win64\</root>
      <path>script\ai\out\bin\common_battle_func.lua</path>
    </file>
    <file>
      <flags>0x40</flags>
      <id>1005</id>
      <root>N:\NTC\data\Target\INTERROOT_win64\</root>
      <path>script\ai\out\bin\table_ai_common.lua</path>
    </file>
    <file>
      <flags>0x40</flags>
      <id>1006</id>
      <root>N:\NTC\data\Target\INTERROOT_win64\</root>
      <path>script\ai\out\bin\common_func.lua</path>
    </file>
    <file>
      <flags>0x40</flags>
      <id>1007</id>
      <root>N:\NTC\data\Target\INTERROOT_win64\</root>
      <path>script\ai\out\bin\common_func2.lua</path>
    </file>
    <file>
      <flags>0x40</flags>
      <id>1008</id>
      <root>N:\NTC\data\Target\INTERROOT_win64\</root>
      <path>script\ai\out\bin\common_func_FDP.lua</path>
    </file>
    <file>
      <flags>0x40</flags>
      <id>1009</id>
      <root>N:\NTC\data\Target\INTERROOT_win64\</root>
      <path>script\ai\out\bin\common_func_NTC.lua</path>
    </file>
    <file>
      <flags>0x40</flags>
      <id>1010</id>
      <root>N:\NTC\data\Target\INTERROOT_win64\</root>
      <path>script\ai\out\bin\common_logic_func.lua</path>
    </file>
    <file>
      <flags>0x40</flags>
      <id>1011</id>
      <root>N:\NTC\data\Target\INTERROOT_win64\</root>
      <path>script\ai\out\bin\approach_setting_direction.lua</path>
    </file>
    <file>
      <flags>0x40</flags>
      <id>1012</id>
      <root>N:\NTC\data\Target\INTERROOT_win64\</root>
      <path>script\ai\out\bin\approach_target.lua</path>
    </file>
    <file>
      <flags>0x40</flags>
      <id>1013</id>
      <root>N:\NTC\data\Target\INTERROOT_win64\</root>
      <path>script\ai\out\bin\attack.lua</path>
    </file>
    <file>
      <flags>0x40</flags>
      <id>1014</id>
      <root>N:\NTC\data\Target\INTERROOT_win64\</root>
      <path>script\ai\out\bin\attack_tunable_spin.lua</path>
    </file>
    <file>
      <flags>0x40</flags>
      <id>1015</id>
      <root>N:\NTC\data\Target\INTERROOT_win64\</root>
      <path>script\ai\out\bin\combo_attack.lua</path>
    </file>
    <file>
      <flags>0x40</flags>
      <id>1016</id>
      <root>N:\NTC\data\Target\INTERROOT_win64\</root>
      <path>script\ai\out\bin\combo_attack_success_angle180.lua</path>
    </file>
    <file>
      <flags>0x40</flags>
      <id>1017</id>
      <root>N:\NTC\data\Target\INTERROOT_win64\</root>
      <path>script\ai\out\bin\combo_attack_tunable_spin.lua</path>
    </file>
    <file>
      <flags>0x40</flags>
      <id>1018</id>
      <root>N:\NTC\data\Target\INTERROOT_win64\</root>
      <path>script\ai\out\bin\combo_final.lua</path>
    </file>
    <file>
      <flags>0x40</flags>
      <id>1019</id>
      <root>N:\NTC\data\Target\INTERROOT_win64\</root>
      <path>script\ai\out\bin\combo_repeat.lua</path>
    </file>
    <file>
      <flags>0x40</flags>
      <id>1020</id>
      <root>N:\NTC\data\Target\INTERROOT_win64\</root>
      <path>script\ai\out\bin\combo_repeat_success_angle180.lua</path>
    </file>
    <file>
      <flags>0x40</flags>
      <id>1021</id>
      <root>N:\NTC\data\Target\INTERROOT_win64\</root>
      <path>script\ai\out\bin\combo_tunable_success_angle180.lua</path>
    </file>
    <file>
      <flags>0x40</flags>
      <id>1022</id>
      <root>N:\NTC\data\Target\INTERROOT_win64\</root>
      <path>script\ai\out\bin\come_down.lua</path>
    </file>
    <file>
      <flags>0x40</flags>
      <id>1023</id>
      <root>N:\NTC\data\Target\INTERROOT_win64\</root>
      <path>script\ai\out\bin\common_attack.lua</path>
    </file>
    <file>
      <flags>0x40</flags>
      <id>1024</id>
      <root>N:\NTC\data\Target\INTERROOT_win64\</root>
      <path>script\ai\out\bin\continue_attack.lua</path>
    </file>
    <file>
      <flags>0x40</flags>
      <id>1025</id>
      <root>N:\NTC\data\Target\INTERROOT_win64\</root>
      <path>script\ai\out\bin\door_act.lua</path>
    </file>
    <file>
      <flags>0x40</flags>
      <id>1026</id>
      <root>N:\NTC\data\Target\INTERROOT_win64\</root>
      <path>script\ai\out\bin\fall.lua</path>
    </file>
    <file>
      <flags>0x40</flags>
      <id>1027</id>
      <root>N:\NTC\data\Target\INTERROOT_win64\</root>
      <path>script\ai\out\bin\gaurd_break_attack.lua</path>
    </file>
    <file>
      <flags>0x40</flags>
      <id>1028</id>
      <root>N:\NTC\data\Target\INTERROOT_win64\</root>
      <path>script\ai\out\bin\gaurd_break_tunable.lua</path>
    </file>
    <file>
      <flags>0x40</flags>
      <id>1029</id>
      <root>N:\NTC\data\Target\INTERROOT_win64\</root>
      <path>script\ai\out\bin\if.lua</path>
    </file>
    <file>
      <flags>0x40</flags>
      <id>1030</id>
      <root>N:\NTC\data\Target\INTERROOT_win64\</root>
      <path>script\ai\out\bin\keep_dist_yaxis.lua</path>
    </file>
    <file>
      <flags>0x40</flags>
      <id>1031</id>
      <root>N:\NTC\data\Target\INTERROOT_win64\</root>
      <path>script\ai\out\bin\ladder_act.lua</path>
    </file>
    <file>
      <flags>0x40</flags>
      <id>1032</id>
      <root>N:\NTC\data\Target\INTERROOT_win64\</root>
      <path>script\ai\out\bin\landing.lua</path>
    </file>
    <file>
      <flags>0x40</flags>
      <id>1033</id>
      <root>N:\NTC\data\Target\INTERROOT_win64\</root>
      <path>script\ai\out\bin\move_movepoint_air.lua</path>
    </file>
    <file>
      <flags>0x40</flags>
      <id>1034</id>
      <root>N:\NTC\data\Target\INTERROOT_win64\</root>
      <path>script\ai\out\bin\move_to_point.lua</path>
    </file>
    <file>
      <flags>0x40</flags>
      <id>1035</id>
      <root>N:\NTC\data\Target\INTERROOT_win64\</root>
      <path>script\ai\out\bin\nonspinning_attack.lua</path>
    </file>
    <file>
      <flags>0x40</flags>
      <id>1036</id>
      <root>N:\NTC\data\Target\INTERROOT_win64\</root>
      <path>script\ai\out\bin\nonspinning_combo_attack.lua</path>
    </file>
    <file>
      <flags>0x40</flags>
      <id>1037</id>
      <root>N:\NTC\data\Target\INTERROOT_win64\</root>
      <path>script\ai\out\bin\nonspinning_combo_final.lua</path>
    </file>
    <file>
      <flags>0x40</flags>
      <id>1038</id>
      <root>N:\NTC\data\Target\INTERROOT_win64\</root>
      <path>script\ai\out\bin\nonspinning_combo_repeat.lua</path>
    </file>
    <file>
      <flags>0x40</flags>
      <id>1040</id>
      <root>N:\NTC\data\Target\INTERROOT_win64\</root>
      <path>script\ai\out\bin\npc_subgoals.lua</path>
    </file>
    <file>
      <flags>0x40</flags>
      <id>1041</id>
      <root>N:\NTC\data\Target\INTERROOT_win64\</root>
      <path>script\ai\out\bin\obj_act.lua</path>
    </file>
    <file>
      <flags>0x40</flags>
      <id>1042</id>
      <root>N:\NTC\data\Target\INTERROOT_win64\</root>
      <path>script\ai\out\bin\pursuit.lua</path>
    </file>
    <file>
      <flags>0x40</flags>
      <id>1043</id>
      <root>N:\NTC\data\Target\INTERROOT_win64\</root>
      <path>script\ai\out\bin\specialTurn.lua</path>
    </file>
    <file>
      <flags>0x40</flags>
      <id>1044</id>
      <root>N:\NTC\data\Target\INTERROOT_win64\</root>
      <path>script\ai\out\bin\team_call_help.lua</path>
    </file>
    <file>
      <flags>0x40</flags>
      <id>1045</id>
      <root>N:\NTC\data\Target\INTERROOT_win64\</root>
      <path>script\ai\out\bin\team_reply_help.lua</path>
    </file>
    <file>
      <flags>0x40</flags>
      <id>1047</id>
      <root>N:\NTC\data\Target\INTERROOT_win64\</root>
      <path>script\ai\out\bin\turn.lua</path>
    </file>
    <file>
      <flags>0x40</flags>
      <id>1048</id>
      <root>N:\NTC\data\Target\INTERROOT_win64\</root>
      <path>script\ai\out\bin\turnaround.lua</path>
    </file>
    <file>
      <flags>0x40</flags>
      <id>1049</id>
      <root>N:\NTC\data\Target\INTERROOT_win64\</root>
      <path>script\ai\out\bin\use_item.lua</path>
    </file>
    <file>
      <flags>0x40</flags>
      <id>1050</id>
      <root>N:\NTC\data\Target\INTERROOT_win64\</root>
      <path>script\ai\out\bin\call_team.lua</path>
    </file>
    <file>
      <flags>0x40</flags>
      <id>1053</id>
      <root>N:\NTC\data\Target\INTERROOT_win64\</root>
      <path>script\ai\out\bin\wait_on_failed_path.lua</path>
    </file>
    <file>
      <flags>0x40</flags>
      <id>1054</id>
      <root>N:\NTC\data\Target\INTERROOT_win64\</root>
      <path>script\ai\out\bin\approach_on_failed_path.lua</path>
    </file>
    <file>
      <flags>0x40</flags>
      <id>1055</id>
      <root>N:\NTC\data\Target\INTERROOT_win64\</root>
      <path>script\ai\out\bin\walk_around_on_failed_path.lua</path>
    </file>
    <file>
      <flags>0x40</flags>
      <id>1056</id>
      <root>N:\NTC\data\Target\INTERROOT_win64\</root>
      <path>script\ai\out\bin\back_to_home_on_failed_path.lua</path>
    </file>
    <file>
      <flags>0x40</flags>
      <id>1057</id>
      <root>N:\NTC\data\Target\INTERROOT_win64\</root>
      <path>script\ai\out\bin\common_enemy.lua</path>
    </file>
    <file>
      <flags>0x40</flags>
      <id>1058</id>
      <root>N:\NTC\data\Target\INTERROOT_win64\</root>
      <path>script\ai\out\bin\route_move.lua</path>
    </file>
    <file>
      <flags>0x40</flags>
      <id>1101</id>
      <root>N:\NTC\data\Target\INTERROOT_win64\</root>
      <path>script\ai\out\bin\common_enemy_function.lua</path>
    </file>
    <file>
      <flags>0x40</flags>
      <id>1102</id>
      <root>N:\NTC\data\Target\INTERROOT_win64\</root>
      <path>script\ai\out\bin\top_goal.lua</path>
    </file>
    <file>
      <flags>0x40</flags>
      <id>1103</id>
      <root>N:\NTC\data\Target\INTERROOT_win64\</root>
      <path>script\ai\out\bin\walk_around.lua</path>
    </file>
    <file>
      <flags>0x40</flags>
      <id>1106</id>
      <root>N:\NTC\data\Target\INTERROOT_win64\</root>
      <path>script\ai\out\bin\non_battle_act.lua</path>
    </file>
    <file>
      <flags>0x40</flags>
      <id>1107</id>
      <root>N:\NTC\data\Target\INTERROOT_win64\</root>
      <path>script\ai\out\bin\normal.lua</path>
    </file>
    <file>
      <flags>0x40</flags>
      <id>1108</id>
      <root>N:\NTC\data\Target\INTERROOT_win64\</root>
      <path>script\ai\out\bin\step_safety.lua</path>
    </file>
    <file>
      <flags>0x40</flags>
      <id>1111</id>
      <root>N:\NTC\data\Target\INTERROOT_win64\</root>
      <path>script\ai\out\bin\attack3.lua</path>
    </file>
    <file>
      <flags>0x40</flags>
      <id>1112</id>
      <root>N:\NTC\data\Target\INTERROOT_win64\</root>
      <path>script\ai\out\bin\step.lua</path>
    </file>
    <file>
      <flags>0x40</flags>
      <id>1117</id>
      <root>N:\NTC\data\Target\INTERROOT_win64\</root>
      <path>script\ai\out\bin\enemy_keepdist.lua</path>
    </file>
    <file>
      <flags>0x40</flags>
      <id>1118</id>
      <root>N:\NTC\data\Target\INTERROOT_win64\</root>
      <path>script\ai\out\bin\enemy_attack.lua</path>
    </file>
    <file>
      <flags>0x40</flags>
      <id>1119</id>
      <root>N:\NTC\data\Target\INTERROOT_win64\</root>
      <path>script\ai\out\bin\enemy_handy_attack.lua</path>
    </file>
    <file>
      <flags>0x40</flags>
      <id>1120</id>
      <root>N:\NTC\data\Target\INTERROOT_win64\</root>
      <path>script\ai\out\bin\enemy_multi_attack.lua</path>
    </file>
    <file>
      <flags>0x40</flags>
      <id>1121</id>
      <root>N:\NTC\data\Target\INTERROOT_win64\</root>
      <path>script\ai\out\bin\enemy_chain_attack.lua</path>
    </file>
    <file>
      <flags>0x40</flags>
      <id>1122</id>
      <root>N:\NTC\data\Target\INTERROOT_win64\</root>
      <path>script\ai\out\bin\enemy_derive_attack.lua</path>
    </file>
    <file>
      <flags>0x40</flags>
      <id>1123</id>
      <root>N:\NTC\data\Target\INTERROOT_win64\</root>
      <path>script\ai\out\bin\enemy_flexible_approach.lua</path>
    </file>
    <file>
      <flags>0x40</flags>
      <id>1124</id>
      <root>N:\NTC\data\Target\INTERROOT_win64\</root>
      <path>script\ai\out\bin\approach_lifeSuccess.lua</path>
    </file>
    <file>
      <flags>0x40</flags>
      <id>1127</id>
      <root>N:\NTC\data\Target\INTERROOT_win64\</root>
      <path>script\ai\out\bin\after_attack_act.lua</path>
    </file>
    <file>
      <flags>0x40</flags>
      <id>1130</id>
      <root>N:\NTC\data\Target\INTERROOT_win64\</root>
      <path>script\ai\out\bin\approach_target_parallelMov.lua</path>
    </file>
    <file>
      <flags>0x40</flags>
      <id>1135</id>
      <root>N:\NTC\data\Target\INTERROOT_win64\</root>
      <path>script\ai\out\bin\continue_keepdist.lua</path>
    </file>
    <file>
      <flags>0x40</flags>
      <id>1146</id>
      <root>N:\NTC\data\Target\INTERROOT_win64\</root>
      <path>script\ai\out\bin\Leave_lifeSuccess.lua</path>
    </file>
    <file>
      <flags>0x40</flags>
      <id>1161</id>
      <root>N:\NTC\data\Target\INTERROOT_win64\</root>
      <path>script\ai\out\bin\flexible_sideway.lua</path>
    </file>
    <file>
      <flags>0x40</flags>
      <id>1163</id>
      <root>N:\NTC\data\Target\INTERROOT_win64\</root>
      <path>script\ai\out\bin\guard_break_combo.lua</path>
    </file>
    <file>
      <flags>0x40</flags>
      <id>1175</id>
      <root>N:\NTC\data\Target\INTERROOT_win64\</root>
      <path>script\ai\out\bin\set_number_realtime.lua</path>
    </file>
    <file>
      <flags>0x40</flags>
      <id>1176</id>
      <root>N:\NTC\data\Target\INTERROOT_win64\</root>
      <path>script\ai\out\bin\set_timer_realtime.lua</path>
    </file>
    <file>
      <flags>0x40</flags>
      <id>1185</id>
      <root>N:\NTC\data\Target\INTERROOT_win64\</root>
      <path>script\ai\out\bin\weapon_change.lua</path>
    </file>
    <file>
      <flags>0x40</flags>
      <id>1196</id>
      <root>N:\NTC\data\Target\INTERROOT_win64\</root>
      <path>script\ai\out\bin\enemy_common_SubGoal.lua</path>
    </file>
    <file>
      <flags>0x40</flags>
      <id>1218</id>
      <root>N:\NTC\data\Target\INTERROOT_win64\</root>
      <path>script\ai\out\bin\attack_endure.lua</path>
    </file>
    <file>
      <flags>0x40</flags>
      <id>1219</id>
      <root>N:\NTC\data\Target\INTERROOT_win64\</root>
      <path>script\ai\out\bin\attack_stab_counter.lua</path>
    </file>
    <file>
      <flags>0x40</flags>
      <id>1220</id>
      <root>N:\NTC\data\Target\INTERROOT_win64\</root>
      <path>script\ai\out\bin\attack_immediate_action.lua</path>
    </file>
    <file>
      <flags>0x40</flags>
      <id>1221</id>
      <root>N:\NTC\data\Target\INTERROOT_win64\</root>
      <path>script\ai\out\bin\common_platoon_func.lua</path>
    </file>
    <file>
      <flags>0x40</flags>
      <id>1222</id>
      <root>N:\NTC\data\Target\INTERROOT_win64\</root>
      <path>script\ai\out\bin\000100_platoon.lua</path>
    </file>
    <file>
      <flags>0x40</flags>
      <id>1223</id>
      <root>N:\NTC\data\Target\INTERROOT_win64\</root>
      <path>script\ai\out\bin\000110_platoon.lua</path>
    </file>
    <file>
      <flags>0x40</flags>
      <id>1224</id>
      <root>N:\NTC\data\Target\INTERROOT_win64\</root>
      <path>script\ai\out\bin\001540_logic.lua</path>
    </file>
    <file>
      <flags>0x40</flags>
      <id>1225</id>
      <root>N:\NTC\data\Target\INTERROOT_win64\</root>
      <path>script\ai\out\bin\014000_battle.lua</path>
    </file>
    <file>
      <flags>0x40</flags>
      <id>1226</id>
      <root>N:\NTC\data\Target\INTERROOT_win64\</root>
      <path>script\ai\out\bin\kugutsu_act.lua</path>
    </file>
    <file>
      <flags>0x40</flags>
      <id>1227</id>
      <root>N:\NTC\data\Target\INTERROOT_win64\</root>
      <path>script\ai\out\bin\wait_with_anime.lua</path>
    </file>
    <file>
      <flags>0x40</flags>
      <id>1228</id>
      <root>N:\NTC\data\Target\INTERROOT_win64\</root>
      <path>script\ai\out\bin\attack_non_cancel.lua</path>
    </file>
    <file>
      <flags>0x40</flags>
      <id>1229</id>
      <root>N:\NTC\data\Target\INTERROOT_win64\</root>
      <path>script\ai\out\bin\clear_target.lua</path>
    </file>
    <file>
      <flags>0x40</flags>
      <id>1230</id>
      <root>N:\NTC\data\Target\INTERROOT_win64\</root>
      <path>script\ai\out\bin\010000_logic.lua</path>
    </file>
    <file>
      <flags>0x40</flags>
      <id>1231</id>
      <root>N:\NTC\data\Target\INTERROOT_win64\</root>
      <path>script\ai\out\bin\011000_logic.lua</path>
    </file>
    <file>
      <flags>0x40</flags>
      <id>1232</id>
      <root>N:\NTC\data\Target\INTERROOT_win64\</root>
      <path>script\ai\out\bin\011000_battle.lua</path>
    </file>
    <file>
      <flags>0x40</flags>
      <id>1233</id>
      <root>N:\NTC\data\Target\INTERROOT_win64\</root>
      <path>script\ai\out\bin\000120_platoon.lua</path>
    </file>
    <file>
      <flags>0x40</flags>
      <id>1234</id>
      <root>N:\NTC\data\Target\INTERROOT_win64\</root>
      <path>script\ai\out\bin\000130_platoon.lua</path>
    </file>
    <file>
      <flags>0x40</flags>
      <id>1235</id>
      <root>N:\NTC\data\Target\INTERROOT_win64\</root>
      <path>script\ai\out\bin\000140_platoon.lua</path>
    </file>
    <file>
      <flags>0x40</flags>
      <id>1236</id>
      <root>N:\NTC\data\Target\INTERROOT_win64\</root>
      <path>script\ai\out\bin\000150_platoon.lua</path>
    </file>
    <file>
      <flags>0x40</flags>
      <id>1237</id>
      <root>N:\NTC\data\Target\INTERROOT_win64\</root>
      <path>script\ai\out\bin\000160_platoon.lua</path>
    </file>
    <file>
      <flags>0x40</flags>
      <id>1238</id>
      <root>N:\NTC\data\Target\INTERROOT_win64\</root>
      <path>script\ai\out\bin\011001_logic.lua</path>
    </file>
    <file>
      <flags>0x40</flags>
      <id>1239</id>
      <root>N:\NTC\data\Target\INTERROOT_win64\</root>
      <path>script\ai\out\bin\back_to_home_with_parry.lua</path>
    </file>
    <file>
      <flags>0x40</flags>
      <id>1240</id>
      <root>N:\NTC\data\Target\INTERROOT_win64\</root>
      <path>script\ai\out\bin\yousumi_action.lua</path>
    </file>
    <file>
      <flags>0x40</flags>
      <id>1000000</id>
      <root>N:\NTC\data\Target\INTERROOT_win64\</root>
      <path>script\ai\aiCommon.luagnl</path>
    </file>
    <file>
      <flags>0x40</flags>
      <id>1000001</id>
      <root>N:\NTC\data\Target\INTERROOT_win64\</root>
      <path>script\ai\aiCommon.luainfo</path>
    </file>
  </files>
</bnd4>